lib/atf/libatf-c++/Makefile.depend|libatf-c++|lib/atf/libatf-c++|libatf-c++|Library missing description
lib/atf/libatf-c/Makefile.depend|libatf-c|lib/atf/libatf-c|libatf-c|Library missing description
lib/clang/libclang/Makefile.depend|libclang|lib/clang/libclang|libclang|Library missing description
lib/clang/liblldb/Makefile.depend|liblldb|lib/clang/liblldb|liblldb|Library missing description
lib/clang/libllvm/Makefile.depend|libllvm|lib/clang/libllvm|libllvm|Library missing description
lib/clang/libllvmminimal/Makefile.depend|libllvmminimal|lib/clang/libllvmminimal|libllvmminimal|Library missing description
lib/csu/aarch64/Makefile.depend|aarch64|lib/csu/aarch64|aarch64|Library missing description
lib/csu/amd64/Makefile.depend|amd64|lib/csu/amd64|amd64|Library missing description
lib/csu/arm/Makefile.depend|arm|lib/csu/arm|arm|Library missing description
lib/csu/i386/Makefile.depend|i386|lib/csu/i386|i386|Library missing description
lib/csu/Makefile.depend|csu|lib/csu|csu|Library missing description
lib/csu/powerpc64/Makefile.depend|powerpc64|lib/csu/powerpc64|powerpc64|Library missing description
lib/csu/powerpc/Makefile.depend|powerpc|lib/csu/powerpc|powerpc|Library missing description
lib/csu/riscv/Makefile.depend|riscv|lib/csu/riscv|riscv|Library missing description
lib/lib80211/Makefile.depend|lib80211|lib/lib80211|lib80211|Library missing description
lib/libalias/libalias/Makefile.depend|libalias|lib/libalias/libalias|libalias|Library missing description
lib/libalias/modules/dummy/Makefile.depend|dummy|lib/libalias/modules/dummy|dummy|Library missing description
lib/libalias/modules/ftp/Makefile.depend|ftp|lib/libalias/modules/ftp|ftp|Library missing description
lib/libalias/modules/irc/Makefile.depend|irc|lib/libalias/modules/irc|irc|Library missing description
lib/libalias/modules/nbt/Makefile.depend|nbt|lib/libalias/modules/nbt|nbt|Library missing description
lib/libalias/modules/pptp/Makefile.depend|pptp|lib/libalias/modules/pptp|pptp|Library missing description
lib/libalias/modules/skinny/Makefile.depend|skinny|lib/libalias/modules/skinny|skinny|Library missing description
lib/libalias/modules/smedia/Makefile.depend|smedia|lib/libalias/modules/smedia|smedia|Library missing description
lib/libbearssl/Makefile.depend|libbearssl|lib/libbearssl|libbearssl|Library missing description
lib/libbegemot/Makefile.depend|libbegemot|lib/libbegemot|libbegemot|Library missing description
lib/libbe/Makefile.depend|libbe|lib/libbe|libbe|Library missing description
lib/libblocklist/Makefile.depend|libblocklist|lib/libblocklist|libblocklist|Library missing description
lib/libblocksruntime/Makefile.depend|libblocksruntime|lib/libblocksruntime|libblocksruntime|Library missing description
lib/libbluetooth/Makefile.depend|libbluetooth|lib/libbluetooth|libbluetooth|Library missing description
lib/libbsddialog/Makefile.depend|libbsddialog|lib/libbsddialog|libbsddialog|Library missing description
lib/libbsdstat/Makefile.depend|libbsdstat|lib/libbsdstat|libbsdstat|Library missing description
lib/libbsm/Makefile.depend|libbsm|lib/libbsm|libbsm|Library missing description
lib/libbsnmp/libbsnmp/Makefile.depend|libbsnmp|lib/libbsnmp/libbsnmp|libbsnmp|Library missing description
lib/libbz2/Makefile.depend|libbz2|lib/libbz2|libbz2|Library missing description
lib/libcalendar/Makefile.depend|libcalendar|lib/libcalendar|libcalendar|Library missing description
lib/libcam/Makefile.depend|libcam|lib/libcam|libcam|Library missing description
lib/libcapsicum/Makefile.depend|libcapsicum|lib/libcapsicum|libcapsicum|Library missing description
lib/libcasper/libcasper/Makefile.depend|libcasper|lib/libcasper/libcasper|libcasper|Library missing description
lib/libcasper/services/cap_dns/Makefile.depend|cap_dns|lib/libcasper/services/cap_dns|cap_dns|Library missing description
lib/libcasper/services/cap_fileargs/Makefile.depend|cap_fileargs|lib/libcasper/services/cap_fileargs|cap_fileargs|Library missing description
lib/libcasper/services/cap_grp/Makefile.depend|cap_grp|lib/libcasper/services/cap_grp|cap_grp|Library missing description
lib/libcasper/services/cap_netdb/Makefile.depend|cap_netdb|lib/libcasper/services/cap_netdb|cap_netdb|Library missing description
lib/libcasper/services/cap_net/Makefile.depend|cap_net|lib/libcasper/services/cap_net|cap_net|Library missing description
lib/libcasper/services/cap_pwd/Makefile.depend|cap_pwd|lib/libcasper/services/cap_pwd|cap_pwd|Library missing description
lib/libcasper/services/cap_sysctl/Makefile.depend|cap_sysctl|lib/libcasper/services/cap_sysctl|cap_sysctl|Library missing description
lib/libcasper/services/cap_syslog/Makefile.depend|cap_syslog|lib/libcasper/services/cap_syslog|cap_syslog|Library missing description
lib/libcasper/services/Makefile.depend|services|lib/libcasper/services|services|Library missing description
lib/libc++experimental/Makefile.depend|libc++experimental|lib/libc++experimental|libc++experimental|Library missing description
lib/libclang_rt/asan_cxx/Makefile.depend|asan_cxx|lib/libclang_rt/asan_cxx|asan_cxx|Library missing description
lib/libclang_rt/asan_dynamic/Makefile.depend|asan_dynamic|lib/libclang_rt/asan_dynamic|asan_dynamic|Library missing description
lib/libclang_rt/asan/Makefile.depend|asan|lib/libclang_rt/asan|asan|Library missing description
lib/libclang_rt/asan-preinit/Makefile.depend|asan-preinit|lib/libclang_rt/asan-preinit|asan-preinit|Library missing description
lib/libclang_rt/profile/Makefile.depend|profile|lib/libclang_rt/profile|profile|Library missing description
lib/libclang_rt/safestack/Makefile.depend|safestack|lib/libclang_rt/safestack|safestack|Library missing description
lib/libclang_rt/stats_client/Makefile.depend|stats_client|lib/libclang_rt/stats_client|stats_client|Library missing description
lib/libclang_rt/stats/Makefile.depend|stats|lib/libclang_rt/stats|stats|Library missing description
lib/libclang_rt/ubsan_standalone_cxx/Makefile.depend|ubsan_standalone_cxx|lib/libclang_rt/ubsan_standalone_cxx|ubsan_standalone_cxx|Library missing description
lib/libclang_rt/ubsan_standalone/Makefile.depend|ubsan_standalone|lib/libclang_rt/ubsan_standalone|ubsan_standalone|Library missing description
lib/libc++/Makefile.depend|libc++|lib/libc++|libc++|Library missing description
lib/libc_nonshared/Makefile.depend|libc_nonshared|lib/libc_nonshared|libc_nonshared|Library missing description
lib/libcom_err/Makefile.depend|libcom_err|lib/libcom_err|libcom_err|Library missing description
lib/libcompiler_rt/Makefile.depend|libcompiler_rt|lib/libcompiler_rt|libcompiler_rt|Library missing description
lib/libc/regex/re_format.7|re_format|lib/libc/regex|re_format|POSIX 1003.2 regular expressions
lib/libcrypt/Makefile.depend|libcrypt|lib/libcrypt|libcrypt|Library missing description
lib/libcuse/Makefile.depend|libcuse|lib/libcuse|libcuse|Library missing description
lib/libdevctl/Makefile.depend|libdevctl|lib/libdevctl|libdevctl|Library missing description
lib/libdevdctl/Makefile.depend|libdevdctl|lib/libdevdctl|libdevdctl|Library missing description
lib/libdevinfo/Makefile.depend|libdevinfo|lib/libdevinfo|libdevinfo|Library missing description
lib/libdevstat/Makefile.depend|libdevstat|lib/libdevstat|libdevstat|Library missing description
lib/libdpv/Makefile.depend|libdpv|lib/libdpv|libdpv|Library missing description
lib/libdwarf/Makefile.depend|libdwarf|lib/libdwarf|libdwarf|Library missing description
lib/libedit/readline/Makefile.depend|readline|lib/libedit/readline|readline|Library missing description
lib/libefivar/Makefile.depend|libefivar|lib/libefivar|libefivar|Library missing description
lib/libelf/Makefile.depend|libelf|lib/libelf|libelf|Library missing description
lib/libelftc/Makefile.depend|libelftc|lib/libelftc|libelftc|Library missing description
lib/libevent1/Makefile.depend|libevent1|lib/libevent1|libevent1|Library missing description
lib/libfetch/Makefile.depend|libfetch|lib/libfetch|libfetch|Library missing description
lib/libfigpar/Makefile.depend|libfigpar|lib/libfigpar|libfigpar|Library missing description
lib/libgeom/Makefile.depend|libgeom|lib/libgeom|libgeom|Library missing description
lib/libgpio/Makefile.depend|libgpio|lib/libgpio|libgpio|Library missing description
lib/libgssapi/Makefile.depend|libgssapi|lib/libgssapi|libgssapi|Library missing description
lib/libifconfig/Makefile.depend|libifconfig|lib/libifconfig|libifconfig|Library missing description
lib/libipsec/Makefile.depend|libipsec|lib/libipsec|libipsec|Library missing description
lib/libiscsiutil/Makefile.depend|libiscsiutil|lib/libiscsiutil|libiscsiutil|Library missing description
lib/libjail/Makefile.depend|libjail|lib/libjail|libjail|Library missing description
lib/libkiconv/Makefile.depend|libkiconv|lib/libkiconv|libkiconv|Library missing description
lib/libkvm/Makefile.depend|libkvm|lib/libkvm|libkvm|Library missing description
lib/liblua/Makefile.depend|liblua|lib/liblua|liblua|Library missing description
lib/libmd/Makefile.depend|libmd|lib/libmd|libmd|Library missing description
lib/libmemstat/Makefile.depend|libmemstat|lib/libmemstat|libmemstat|Library missing description
lib/libmilter/Makefile.depend|libmilter|lib/libmilter|libmilter|Library missing description
lib/libmixer/Makefile.depend|libmixer|lib/libmixer|libmixer|Library missing description
lib/libmp/Makefile.depend|libmp|lib/libmp|libmp|Library missing description
lib/libmt/Makefile.depend|libmt|lib/libmt|libmt|Library missing description
lib/libnetbsd/Makefile.depend|libnetbsd|lib/libnetbsd|libnetbsd|Library missing description
lib/libnetgraph/Makefile.depend|libnetgraph|lib/libnetgraph|libnetgraph|Library missing description
lib/libnetmap/Makefile.depend|libnetmap|lib/libnetmap|libnetmap|Library missing description
lib/libnv/Makefile.depend|libnv|lib/libnv|libnv|Library missing description
lib/libnvmf/Makefile.depend|libnvmf|lib/libnvmf|libnvmf|Library missing description
lib/libopenbsd/Makefile.depend|libopenbsd|lib/libopenbsd|libopenbsd|Library missing description
lib/libpam/libpam/Makefile.depend|libpam|lib/libpam/libpam|libpam|Library missing description
lib/libpam/modules/pam_chroot/pam_chroot.8|pam_chroot|lib/libpam/modules/pam_chroot|pam_chroot|Chroot PAM module
lib/libpam/modules/pam_deny/pam_deny.8|pam_deny|lib/libpam/modules/pam_deny|pam_deny|Deny PAM module
lib/libpam/modules/pam_echo/pam_echo.8|pam_echo|lib/libpam/modules/pam_echo|pam_echo|Echo PAM module
lib/libpam/modules/pam_exec/pam_exec.8|pam_exec|lib/libpam/modules/pam_exec|pam_exec|Exec PAM module
lib/libpam/modules/pam_ftpusers/pam_ftpusers.8|pam_ftpusers|lib/libpam/modules/pam_ftpusers|pam_ftpusers|ftpusers PAM module
lib/libpam/modules/pam_group/pam_group.8|pam_group|lib/libpam/modules/pam_group|pam_group|Group PAM module
lib/libpam/modules/pam_guest/pam_guest.8|pam_guest|lib/libpam/modules/pam_guest|pam_guest|Guest PAM module
lib/libpam/modules/pam_krb5/pam_krb5.8|pam_krb5|lib/libpam/modules/pam_krb5|pam_krb5|Kerberos 5 PAM module
lib/libpam/modules/pam_krb5/pam-krb5.8|pam-krb5|lib/libpam/modules/pam_krb5|pam_krb5|Kerberos PAM module
lib/libpam/modules/pam_ksu/pam_ksu.8|pam_ksu|lib/libpam/modules/pam_ksu|pam_ksu|Kerberos 5 SU PAM module
lib/libpam/modules/pam_lastlog/pam_lastlog.8|pam_lastlog|lib/libpam/modules/pam_lastlog|pam_lastlog|login accounting PAM module
lib/libpam/modules/pam_login_access/pam_login_access.8|pam_login_access|lib/libpam/modules/pam_login_access|pam_login_access|login.access PAM module
lib/libpam/modules/pam_nologin/pam_nologin.8|pam_nologin|lib/libpam/modules/pam_nologin|pam_nologin|NoLogin PAM module
lib/libpam/modules/pam_passwdqc/pam_passwdqc.8|pam_passwdqc|lib/libpam/modules/pam_passwdqc|pam_passwdqc|Password quality-control PAM module
lib/libpam/modules/pam_permit/pam_permit.8|pam_permit|lib/libpam/modules/pam_permit|pam_permit|Promiscuous PAM module
lib/libpam/modules/pam_radius/pam_radius.8|pam_radius|lib/libpam/modules/pam_radius|pam_radius|RADIUS authentication PAM module
lib/libpam/modules/pam_rhosts/pam_rhosts.8|pam_rhosts|lib/libpam/modules/pam_rhosts|pam_rhosts|Rhosts PAM module
lib/libpam/modules/pam_rootok/pam_rootok.8|pam_rootok|lib/libpam/modules/pam_rootok|pam_rootok|RootOK PAM module
lib/libpam/modules/pam_securetty/pam_securetty.8|pam_securetty|lib/libpam/modules/pam_securetty|pam_securetty|SecureTTY PAM module
lib/libpam/modules/pam_self/pam_self.8|pam_self|lib/libpam/modules/pam_self|pam_self|Self PAM module
lib/libpam/modules/pam_ssh/pam_ssh.8|pam_ssh|lib/libpam/modules/pam_ssh|pam_ssh|authentication and session management with SSH private keys
lib/libpam/modules/pam_tacplus/pam_tacplus.8|pam_tacplus|lib/libpam/modules/pam_tacplus|pam_tacplus|TACACS+ authentication PAM module
lib/libpam/modules/pam_unix/pam_unix.8|pam_unix|lib/libpam/modules/pam_unix|pam_unix|UNIX PAM module
lib/libpam/modules/pam_xdg/pam_xdg.8|pam_xdg|lib/libpam/modules/pam_xdg|pam_xdg|XDG PAM module
lib/libpam/static_libpam/Makefile.depend|static_libpam|lib/libpam/static_libpam|static_libpam|Library missing description
lib/libpathconv/Makefile.depend|libpathconv|lib/libpathconv|libpathconv|Library missing description
lib/libpfctl/Makefile.depend|libpfctl|lib/libpfctl|libpfctl|Library missing description
lib/libpjdlog/Makefile.depend|libpjdlog|lib/libpjdlog|libpjdlog|Library missing description
lib/libpmc/Makefile.depend|libpmc|lib/libpmc|libpmc|Library missing description
lib/libpmc/pmu-events/Makefile.depend|pmu-events|lib/libpmc/pmu-events|pmu-events|Library missing description
lib/libpmcstat/Makefile.depend|libpmcstat|lib/libpmcstat|libpmcstat|Library missing description
lib/libproc/Makefile.depend|libproc|lib/libproc|libproc|Library missing description
lib/libprocstat/Makefile.depend|libprocstat|lib/libprocstat|libprocstat|Library missing description
lib/libradius/Makefile.depend|libradius|lib/libradius|libradius|Library missing description
lib/libregex/Makefile.depend|libregex|lib/libregex|libregex|Library missing description
lib/librpcsvc/Makefile.depend|librpcsvc|lib/librpcsvc|librpcsvc|Library missing description
lib/librss/Makefile.depend|librss|lib/librss|librss|Library missing description
lib/librtld_db/Makefile.depend|librtld_db|lib/librtld_db|librtld_db|Library missing description
lib/libsbuf/Makefile.depend|libsbuf|lib/libsbuf|libsbuf|Library missing description
lib/libsdp/Makefile.depend|libsdp|lib/libsdp|libsdp|Library missing description
lib/libsqlite3/Makefile.depend|libsqlite3|lib/libsqlite3|libsqlite3|Library missing description
lib/libstdthreads/Makefile.depend|libstdthreads|lib/libstdthreads|libstdthreads|Library missing description
lib/libsysdecode/Makefile.depend|libsysdecode|lib/libsysdecode|libsysdecode|Library missing description
lib/libsys/Makefile.depend|libsys|lib/libsys|libsys|Library missing description
lib/libtacplus/Makefile.depend|libtacplus|lib/libtacplus|libtacplus|Library missing description
lib/libthread_db/Makefile.depend|libthread_db|lib/libthread_db|libthread_db|Library missing description
lib/libthr/Makefile.depend|libthr|lib/libthr|libthr|Library missing description
lib/libufs/Makefile.depend|libufs|lib/libufs|libufs|Library missing description
lib/libugidfw/Makefile.depend|libugidfw|lib/libugidfw|libugidfw|Library missing description
lib/libulog/Makefile.depend|libulog|lib/libulog|libulog|Library missing description
lib/libusbhid/Makefile.depend|libusbhid|lib/libusbhid|libusbhid|Library missing description
lib/libusb/Makefile.depend|libusb|lib/libusb|libusb|Library missing description
lib/libutil/Makefile.depend|libutil|lib/libutil|libutil|Library missing description
lib/libveriexec/Makefile.depend|libveriexec|lib/libveriexec|libveriexec|Library missing description
lib/libvgl/Makefile.depend|libvgl|lib/libvgl|libvgl|Library missing description
lib/libvmmapi/Makefile.depend|libvmmapi|lib/libvmmapi|libvmmapi|Library missing description
lib/libwrap/Makefile.depend|libwrap|lib/libwrap|libwrap|Library missing description
lib/libypclnt/Makefile.depend|libypclnt|lib/libypclnt|libypclnt|Library missing description
lib/libz/Makefile.depend|libz|lib/libz|libz|Library missing description
lib/libzstd/Makefile.depend|libzstd|lib/libzstd|libzstd|Library missing description
lib/msun/Makefile.depend|msun|lib/msun|msun|Library missing description
lib/ncurses/form/Makefile.depend|form|lib/ncurses/form|form|Library missing description
lib/ncurses/menu/Makefile.depend|menu|lib/ncurses/menu|menu|Library missing description
lib/ncurses/ncurses/Makefile.depend|ncursesw|lib/ncurses/ncurses|ncursesw|Library missing description
lib/ncurses/panel/Makefile.depend|panel|lib/ncurses/panel|panel|Library missing description
lib/ncurses/tinfo/Makefile.depend|tinfo|lib/ncurses/tinfo|tinfo|Library missing description
