sbin/init/pathnames.h|BSD-3-Clause
sbin/init/init.c|BSD-3-Clause
sbin/geom/misc/subr.h|BSD-2-Clause
sbin/geom/misc/subr.c|BSD-2-Clause
sbin/geom/core/geom.h|BSD-2-Clause
sbin/geom/core/geom.c|BSD-2-Clause
sbin/fsirand/fsirand.c|BSD-2-Clause
sbin/conscontrol/conscontrol.c|BSD-2-Clause
sbin/route/route.c|BSD-3-Clause
sbin/etherswitchcfg/ifmedia.c|BSD-4-Clause
sbin/etherswitchcfg/etherswitchcfg.c|BSD-2-Clause
sbin/mdmfs/mdmfs.c|BSD-2-Clause
sbin/quotacheck/preen.c|BSD-3-Clause
sbin/quotacheck/quotacheck.h|BSD-3-Clause
sbin/quotacheck/quotacheck.c|BSD-3-Clause
sbin/mdconfig/mdconfig.c|BSD-2-Clause
sbin/fsck_ffs/dir.c|BSD-3-Clause
sbin/fsck_ffs/pass1b.c|BSD-3-Clause
sbin/fsck_ffs/main.c|BSD-3-Clause
sbin/fsck_ffs/ea.c|BSD-3-Clause
sbin/fsck_ffs/setup.c|BSD-3-Clause
sbin/fsck_ffs/inode.c|BSD-3-Clause
sbin/fsck_ffs/pass3.c|BSD-3-Clause
sbin/fsck_ffs/suj.c|BSD-2-Clause
sbin/fsck_ffs/fsck.h|BSD-2-Clause
sbin/fsck_ffs/fsck.h|BSD-3-Clause
sbin/fsck_ffs/utilities.c|BSD-3-Clause
sbin/fsck_ffs/gjournal.c|BSD-2-Clause
sbin/fsck_ffs/gjournal.c|BSD-3-Clause
sbin/fsck_ffs/globs.c|BSD-3-Clause
sbin/fsck_ffs/pass2.c|BSD-3-Clause
sbin/fsck_ffs/pass1.c|BSD-3-Clause
sbin/fsck_ffs/fsutil.c|BSD-3-Clause
sbin/fsck_ffs/pass4.c|BSD-3-Clause
sbin/fsck_ffs/pass5.c|BSD-3-Clause
sbin/swapon/swapon.c|BSD-3-Clause
sbin/adjkerntz/pathnames.h|BSD-2-Clause
sbin/adjkerntz/adjkerntz.c|BSD-2-Clause
sbin/savecore/savecore.c|BSD-3-Clause
sbin/nvmecontrol/nvmecontrol_ext.h|BSD-2-Clause
sbin/nvmecontrol/format.c|BSD-2-Clause
sbin/nvmecontrol/nc_util.c|BSD-2-Clause
sbin/nvmecontrol/identify_ext.c|BSD-2-Clause
sbin/nvmecontrol/reset.c|BSD-2-Clause
sbin/nvmecontrol/nsid.c|BSD-2-Clause
sbin/nvmecontrol/identify.c|BSD-2-Clause
sbin/nvmecontrol/connect.c|BSD-2-Clause
sbin/nvmecontrol/discover.c|BSD-2-Clause
sbin/nvmecontrol/disconnect.c|BSD-2-Clause
sbin/nvmecontrol/selftest.c|BSD-2-Clause
sbin/nvmecontrol/sanitize.c|BSD-2-Clause
sbin/nvmecontrol/nvmecontrol.h|BSD-2-Clause
sbin/nvmecontrol/fabrics.h|BSD-2-Clause
sbin/nvmecontrol/passthru.c|BSD-2-Clause
sbin/nvmecontrol/modules/micron/micron.c|BSD-2-Clause-FreeBSD
sbin/nvmecontrol/modules/intel/intel.c|BSD-2-Clause
sbin/nvmecontrol/modules/samsung/samsung.c|BSD-2-Clause
sbin/nvmecontrol/comnd.c|BSD-2-Clause
sbin/nvmecontrol/perftest.c|BSD-2-Clause
sbin/nvmecontrol/ns.c|BSD-2-Clause
sbin/nvmecontrol/fabrics.c|BSD-2-Clause
sbin/nvmecontrol/telemetry.c|BSD-2-Clause
sbin/nvmecontrol/comnd.h|BSD-2-Clause
sbin/nvmecontrol/reconnect.c|BSD-2-Clause
sbin/nvmecontrol/nvmecontrol.c|BSD-2-Clause
sbin/nvmecontrol/firmware.c|BSD-2-Clause
sbin/nvmecontrol/resv.c|BSD-2-Clause
sbin/nvmecontrol/logpage.c|BSD-2-Clause
sbin/nvmecontrol/devlist.c|BSD-2-Clause
sbin/fsdb/fsdbutil.c|BSD-3-Clause
sbin/fsdb/fsdb.c|BSD-3-Clause
sbin/fsdb/fsdb.h|BSD-3-Clause
sbin/pfilctl/pfilctl.c|BSD-2-Clause
sbin/hastctl/hastctl.c|BSD-2-Clause
sbin/nfsiod/nfsiod.c|BSD-3-Clause
sbin/umbctl/umbctl.c|BSD-3-Clause
sbin/comcontrol/comcontrol.c|BSD-2-Clause
sbin/pfctl/pfctl.c|BSD-2-Clause
sbin/pfctl/pf_ruleset.c|BSD-2-Clause
sbin/pfctl/pf_print_state.c|BSD-2-Clause
sbin/pfctl/pfctl_parser.h|BSD-2-Clause
sbin/pfctl/pfctl_table.c|BSD-2-Clause
sbin/pfctl/pfctl.h|BSD-2-Clause
sbin/pfctl/pfctl_radix.c|BSD-2-Clause
sbin/pfctl/tests/pfctl_test.c|BSD-2-Clause
sbin/pfctl/pfctl_parser.c|BSD-2-Clause
sbin/mount_udf/mount_udf.c|BSD-3-Clause
sbin/pflowctl/pflowctl.c|BSD-2-Clause
sbin/umount/umount.c|BSD-3-Clause
sbin/nos-tun/nos-tun.c|BSD-2-Clause
sbin/mount_nfs/mount_nfs.c|BSD-3-Clause
sbin/growfs/debug.h|BSD-4-Clause
sbin/growfs/growfs.c|BSD-4-Clause
sbin/growfs/debug.c|BSD-4-Clause
sbin/shutdown/shutdown.c|BSD-3-Clause
sbin/ldconfig/elfhints.c|BSD-2-Clause
sbin/ldconfig/ldconfig.h|BSD-2-Clause
sbin/ldconfig/ldconfig.c|BSD-4-Clause
sbin/devfs/extern.h|BSD-2-Clause
sbin/devfs/devfs.c|BSD-2-Clause
sbin/devfs/rule.c|BSD-2-Clause
sbin/ggate/shared/ggate.h|BSD-2-Clause
sbin/ggate/shared/ggate.c|BSD-2-Clause
sbin/ggate/ggatel/ggatel.c|BSD-2-Clause
sbin/ggate/ggated/ggated.c|BSD-2-Clause
sbin/ggate/ggatec/ggatec.c|BSD-2-Clause
sbin/kldstat/kldstat.c|BSD-2-Clause
sbin/veriexec/veriexec.h|BSD-2-Clause
sbin/veriexec/veriexec.c|BSD-2-Clause
sbin/kldload/kldload.c|BSD-2-Clause
sbin/ifconfig/af_nd6.c|BSD-2-Clause
sbin/ifconfig/ifconfig_netlink.c|BSD-2-Clause-FreeBSD
sbin/ifconfig/carp.c|BSD-2-Clause
sbin/ifconfig/iffib.c|BSD-2-Clause
sbin/ifconfig/ifmedia.c|BSD-4-Clause
sbin/ifconfig/af_inet6.c|BSD-3-Clause
sbin/ifconfig/ifgroup.c|BSD-2-Clause
sbin/ifconfig/ifieee80211.c|BSD-3-Clause
sbin/ifconfig/ifvlan.c|BSD-4-Clause
sbin/ifconfig/ifconfig.h|BSD-4-Clause
sbin/ifconfig/af_inet.c|BSD-3-Clause
sbin/ifconfig/ifgif.c|BSD-2-Clause
sbin/ifconfig/ifconfig_netlink.h|BSD-2-Clause-FreeBSD
sbin/ifconfig/ifbridge.c|BSD-4-Clause
sbin/ifconfig/ifclone.c|BSD-3-Clause
sbin/ifconfig/af_link.c|BSD-3-Clause
sbin/ifconfig/ifmac.c|BSD-3-Clause
sbin/ifconfig/ifpfsync.c|BSD-2-Clause
sbin/ifconfig/ifgre.c|BSD-2-Clause
sbin/ifconfig/ifconfig.c|BSD-3-Clause
sbin/dumpfs/dumpfs.c|BSD-3-Clause
sbin/dump/pathnames.h|BSD-3-Clause
sbin/dump/tape.c|BSD-3-Clause
sbin/dump/unctime.c|BSD-3-Clause
sbin/dump/main.c|BSD-3-Clause
sbin/dump/itime.c|BSD-3-Clause
sbin/dump/traverse.c|BSD-3-Clause
sbin/dump/optr.c|BSD-3-Clause
sbin/dump/dumprmt.c|BSD-3-Clause
sbin/dump/dump.h|BSD-3-Clause
sbin/mount/pathnames.h|BSD-3-Clause
sbin/mount/mount_fs.c|BSD-3-Clause
sbin/mount/extern.h|BSD-2-Clause
sbin/mount/mount.c|BSD-3-Clause
sbin/mount/vfslist.c|BSD-3-Clause
sbin/devd/devd.h|BSD-2-Clause
sbin/devd/devd.hh|BSD-2-Clause
sbin/devd/devd.cc|BSD-2-Clause
sbin/devd/devd.cc|BSD-3-Clause
sbin/ccdconfig/pathnames.h|BSD-2-Clause
sbin/ccdconfig/ccdconfig.c|BSD-2-Clause
sbin/ipfw/nat64lsn.c|BSD-2-Clause
sbin/ipfw/nat64clat.c|BSD-2-Clause
sbin/ipfw/nat64stl.c|BSD-2-Clause
sbin/newfs_msdos/newfs_msdos.c|BSD-2-Clause
sbin/mount_msdosfs/mount_msdosfs.c|BSD-4-Clause
sbin/mksnap_ffs/mksnap_ffs.c|BSD-3-Clause
sbin/ddb/ddb.h|BSD-2-Clause
sbin/ddb/ddb_capture.c|BSD-2-Clause
sbin/ddb/ddb_script.c|BSD-2-Clause
sbin/ddb/ddb.c|BSD-2-Clause
sbin/rcorder/hash.c|BSD-4-Clause
sbin/rcorder/hash.h|BSD-4-Clause
sbin/rcorder/ealloc.c|BSD-4-Clause
sbin/rcorder/rcorder.c|BSD-2-Clause
sbin/rcorder/sprite.h|BSD-4-Clause
sbin/restore/tape.c|BSD-3-Clause
sbin/restore/main.c|BSD-3-Clause
sbin/restore/extern.h|BSD-3-Clause
sbin/restore/symtab.c|BSD-3-Clause
sbin/restore/utilities.c|BSD-3-Clause
sbin/restore/dirs.c|BSD-3-Clause
sbin/restore/restore.h|BSD-3-Clause
sbin/restore/interactive.c|BSD-3-Clause
sbin/restore/restore.c|BSD-3-Clause
sbin/mount_unionfs/mount_unionfs.c|BSD-3-Clause
sbin/fdisk/fdisk_mbr_enc.c|BSD-2-Clause
sbin/fdisk/fdisk_mbr_enc.h|BSD-2-Clause
sbin/routed/pathnames.h|BSD-3-Clause
sbin/routed/rtquery/rtquery.c|BSD-3-Clause
sbin/routed/output.c|BSD-3-Clause
sbin/routed/main.c|BSD-3-Clause
sbin/routed/rdisc.c|BSD-3-Clause
sbin/routed/parms.c|BSD-3-Clause
sbin/routed/if.c|BSD-3-Clause
sbin/routed/defs.h|BSD-3-Clause
sbin/routed/table.c|BSD-3-Clause
sbin/routed/radix.c|BSD-3-Clause
sbin/routed/trace.c|BSD-3-Clause
sbin/routed/radix.h|BSD-3-Clause
sbin/routed/input.c|BSD-3-Clause
sbin/dumpon/dumpon.c|BSD-3-Clause
sbin/tunefs/tunefs.c|BSD-3-Clause
sbin/mount_nullfs/mount_nullfs.c|BSD-3-Clause
sbin/kldunload/kldunload.c|BSD-2-Clause
sbin/dhclient/tree.h|BSD-3-Clause
sbin/dhclient/hash.c|BSD-3-Clause
sbin/dhclient/dhcp.h|BSD-3-Clause
sbin/dhclient/dhclient.c|BSD-3-Clause
sbin/dhclient/dhctoken.h|BSD-3-Clause
sbin/dhclient/bpf.c|BSD-3-Clause
sbin/dhclient/clparse.c|BSD-3-Clause
sbin/dhclient/inet.c|BSD-3-Clause
sbin/dhclient/convert.c|BSD-3-Clause
sbin/dhclient/errwarn.c|BSD-3-Clause
sbin/dhclient/tree.c|BSD-3-Clause
sbin/dhclient/dhcpd.h|BSD-3-Clause
sbin/dhclient/packet.c|BSD-3-Clause
sbin/dhclient/tables.c|BSD-3-Clause
sbin/dhclient/conflex.c|BSD-3-Clause
sbin/dhclient/dispatch.c|BSD-3-Clause
sbin/dhclient/options.c|BSD-3-Clause
sbin/dhclient/parse.c|BSD-3-Clause
sbin/dhclient/alloc.c|BSD-3-Clause
sbin/mknod/mknod.c|BSD-3-Clause
sbin/camcontrol/modeedit.c|BSD-2-Clause
sbin/camcontrol/fwdownload.c|BSD-2-Clause
sbin/camcontrol/progress.h|BSD-2-Clause
sbin/camcontrol/camcontrol.h|BSD-2-Clause
sbin/camcontrol/progress.c|BSD-2-Clause
sbin/camcontrol/util.c|BSD-3-Clause
sbin/recoverdisk/recoverdisk.c|Beerware
sbin/bectl/bectl_jail.c|BSD-2-Clause
sbin/bectl/bectl.h|BSD-2-Clause
sbin/bectl/bectl.c|BSD-2-Clause
sbin/bectl/bectl_list.c|BSD-2-Clause
sbin/reboot/reboot.c|BSD-3-Clause
sbin/sysctl/sysctl.c|BSD-3-Clause
sbin/newfs/mkfs.c|BSD-3-Clause
sbin/newfs/newfs.h|BSD-3-Clause
sbin/newfs/newfs.c|BSD-3-Clause
sbin/mount_fusefs/mount_fusefs.c|BSD-2-Clause
sbin/clri/clri.c|BSD-3-Clause
sbin/kldconfig/kldconfig.c|BSD-2-Clause
sbin/dmesg/dmesg.c|BSD-3-Clause
sbin/bsdlabel/pathnames.h|BSD-3-Clause
sbin/bsdlabel/bsdlabel.c|BSD-4-Clause
sbin/setkey/setkey.c|BSD-3-Clause
sbin/setkey/test-policy.c|BSD-3-Clause
sbin/setkey/test-pfkey.c|BSD-3-Clause
sbin/setkey/vchar.h|BSD-3-Clause
sbin/fsck_msdosfs/dir.c|BSD-2-Clause
sbin/fsck_msdosfs/main.c|BSD-2-Clause
sbin/fsck_msdosfs/dosfs.h|BSD-2-Clause
sbin/fsck_msdosfs/fat.c|BSD-2-Clause
sbin/fsck_msdosfs/boot.c|BSD-2-Clause
sbin/fsck_msdosfs/ext.h|BSD-2-Clause
sbin/fsck_msdosfs/check.c|BSD-2-Clause
sbin/hastd/proto_socketpair.c|BSD-2-Clause
sbin/hastd/proto_tcp.c|BSD-2-Clause
sbin/hastd/proto_uds.c|BSD-2-Clause
sbin/hastd/hast_checksum.c|BSD-2-Clause
sbin/hastd/proto_common.c|BSD-2-Clause
sbin/hastd/hooks.c|BSD-2-Clause
sbin/hastd/refcnt.h|BSD-2-Clause
sbin/hastd/proto.h|BSD-2-Clause
sbin/hastd/hast_proto.c|BSD-2-Clause
sbin/hastd/nv.h|BSD-2-Clause
sbin/hastd/lzf.c|BSD-2-Clause
sbin/hastd/ebuf.h|BSD-2-Clause
sbin/hastd/metadata.c|BSD-2-Clause
sbin/hastd/hooks.h|BSD-2-Clause
sbin/hastd/hastd.c|BSD-2-Clause
sbin/hastd/rangelock.c|BSD-2-Clause
sbin/hastd/activemap.c|BSD-2-Clause
sbin/hastd/hast_checksum.h|BSD-2-Clause
sbin/hastd/event.h|BSD-2-Clause
sbin/hastd/hast.h|BSD-2-Clause
sbin/hastd/rangelock.h|BSD-2-Clause
sbin/hastd/proto_impl.h|BSD-2-Clause
sbin/hastd/ebuf.c|BSD-2-Clause
sbin/hastd/subr.h|BSD-2-Clause
sbin/hastd/proto.c|BSD-2-Clause
sbin/hastd/hastd.h|BSD-2-Clause
sbin/hastd/control.h|BSD-2-Clause
sbin/hastd/synch.h|BSD-2-Clause
sbin/hastd/pjdlog.c|BSD-2-Clause
sbin/hastd/secondary.c|BSD-2-Clause
sbin/hastd/pjdlog.h|BSD-2-Clause
sbin/hastd/hast_compression.c|BSD-2-Clause
sbin/hastd/primary.c|BSD-2-Clause
sbin/hastd/lzf.h|BSD-2-Clause
sbin/hastd/activemap.h|BSD-2-Clause
sbin/hastd/subr.c|BSD-2-Clause
sbin/hastd/control.c|BSD-2-Clause
sbin/hastd/hast_compression.h|BSD-2-Clause
sbin/hastd/event.c|BSD-2-Clause
sbin/hastd/hast_proto.h|BSD-2-Clause
sbin/hastd/metadata.h|BSD-2-Clause
sbin/hastd/nv.c|BSD-2-Clause
sbin/ping/utils.c|BSD-3-Clause
sbin/ping/main.c|BSD-2-Clause
sbin/ping/ping6.h|BSD-2-Clause
sbin/ping/ping.h|BSD-2-Clause
sbin/ping/utils.h|BSD-2-Clause
sbin/ping/ping6.c|BSD-3-Clause
sbin/ping/ping.c|BSD-3-Clause
sbin/ping/tests/in_cksum_test.c|BSD-2-Clause
sbin/ping/main.h|BSD-2-Clause
sbin/fsck/preen.c|BSD-3-Clause
sbin/fsck/fsck.c|BSD-3-Clause
sbin/fsck/fsutil.c|BSD-3-Clause
sbin/fsck/fsutil.h|BSD-2-Clause
sbin/mount_cd9660/mount_cd9660.c|BSD-3-Clause
sbin/ffsinfo/ffsinfo.c|BSD-4-Clause
bin/chflags/chflags.c|BSD-3-Clause
bin/cat/cat.c|BSD-3-Clause
bin/pwd/pwd.c|BSD-3-Clause
bin/dd/misc.c|BSD-3-Clause
bin/dd/extern.h|BSD-3-Clause
bin/dd/conv_tab.c|BSD-3-Clause
bin/dd/conv.c|BSD-3-Clause
bin/dd/dd.c|BSD-3-Clause
bin/dd/args.c|BSD-3-Clause
bin/dd/position.c|BSD-3-Clause
bin/dd/dd.h|BSD-3-Clause
bin/nproc/nproc.c|BSD-2-Clause
bin/sh/mksyntax.c|BSD-3-Clause
bin/sh/output.c|BSD-3-Clause
bin/sh/redir.c|BSD-3-Clause
bin/sh/main.c|BSD-3-Clause
bin/sh/trap.h|BSD-3-Clause
bin/sh/memalloc.h|BSD-3-Clause
bin/sh/mail.h|BSD-3-Clause
bin/sh/show.c|BSD-3-Clause
bin/sh/parser.c|BSD-3-Clause
bin/sh/mystring.h|BSD-3-Clause
bin/sh/options.h|BSD-3-Clause
bin/sh/myhistedit.h|BSD-3-Clause
bin/sh/mystring.c|BSD-3-Clause
bin/sh/show.h|BSD-3-Clause
bin/sh/mknodes.c|BSD-3-Clause
bin/sh/redir.h|BSD-3-Clause
bin/sh/bltin/echo.c|BSD-3-Clause
bin/sh/bltin/bltin.h|BSD-3-Clause
bin/sh/memalloc.c|BSD-3-Clause
bin/sh/miscbltin.c|BSD-3-Clause
bin/sh/shell.h|BSD-3-Clause
bin/sh/trap.c|BSD-3-Clause
bin/sh/var.h|BSD-3-Clause
bin/sh/output.h|BSD-3-Clause
bin/sh/var.c|BSD-3-Clause
bin/sh/parser.h|BSD-3-Clause
bin/sh/options.c|BSD-3-Clause
bin/sh/main.h|BSD-3-Clause
bin/date/date.c|BSD-3-Clause
bin/ln/ln.c|BSD-3-Clause
bin/mkdir/mkdir.c|BSD-3-Clause
bin/hostname/hostname.c|BSD-3-Clause
bin/df/df.c|BSD-3-Clause
bin/rmdir/rmdir.c|BSD-3-Clause
bin/pax/tty_subs.c|BSD-3-Clause
bin/pax/extern.h|BSD-3-Clause
bin/pax/pat_rep.c|BSD-3-Clause
bin/pax/cpio.c|BSD-3-Clause
bin/pax/tar.c|BSD-3-Clause
bin/pax/ar_io.c|BSD-3-Clause
bin/pax/options.h|BSD-3-Clause
bin/pax/ftree.c|BSD-3-Clause
bin/pax/sel_subs.c|BSD-3-Clause
bin/pax/pat_rep.h|BSD-3-Clause
bin/pax/cache.h|BSD-3-Clause
bin/pax/sel_subs.h|BSD-3-Clause
bin/pax/buf_subs.c|BSD-3-Clause
bin/pax/pax.h|BSD-3-Clause
bin/pax/ar_subs.c|BSD-3-Clause
bin/pax/tar.h|BSD-3-Clause
bin/pax/tables.c|BSD-3-Clause
bin/pax/cache.c|BSD-3-Clause
bin/pax/options.c|BSD-3-Clause
bin/pax/tables.h|BSD-3-Clause
bin/pax/pax.c|BSD-3-Clause
bin/pax/file_subs.c|BSD-3-Clause
bin/pax/gen_subs.c|BSD-3-Clause
bin/pax/cpio.h|BSD-3-Clause
bin/pax/ftree.h|BSD-3-Clause
bin/mv/mv.c|BSD-3-Clause
bin/cp/utils.c|BSD-3-Clause
bin/cp/extern.h|BSD-3-Clause
bin/cp/cp.c|BSD-3-Clause
bin/domainname/domainname.c|BSD-3-Clause
bin/realpath/realpath.c|BSD-3-Clause
bin/cpuset/cpuset.c|BSD-2-Clause
bin/chmod/chmod.c|BSD-3-Clause
bin/rm/rm.c|BSD-3-Clause
bin/ps/extern.h|BSD-3-Clause
bin/ps/ps.c|BSD-3-Clause
bin/ps/nlist.c|BSD-3-Clause
bin/ps/ps.h|BSD-3-Clause
bin/ps/fmt.c|BSD-3-Clause
bin/ps/print.c|BSD-3-Clause
bin/ps/keyword.c|BSD-3-Clause
bin/kill/kill.c|BSD-3-Clause
bin/echo/echo.c|BSD-3-Clause
bin/pkill/pkill.c|BSD-2-Clause
bin/pkill/tests/spin_helper.c|BSD-2-Clause
bin/ls/ls.h|BSD-3-Clause
bin/ls/extern.h|BSD-3-Clause
bin/ls/print.c|BSD-3-Clause
bin/ls/util.c|BSD-3-Clause
bin/ls/cmp.c|BSD-3-Clause
bin/ls/ls.c|BSD-3-Clause
usr.bin/id/id.c|BSD-3-Clause
usr.bin/ruptime/ruptime.c|BSD-3-Clause
usr.bin/mktemp/mktemp.c|BSD-2-Clause
usr.bin/backlight/backlight.c|BSD-2-Clause
usr.bin/nl/nl.c|BSD-2-Clause
usr.bin/fstat/main.c|BSD-2-Clause
usr.bin/fstat/functions.h|BSD-2-Clause
usr.bin/fstat/fuser.c|BSD-2-Clause
usr.bin/fstat/fstat.c|BSD-3-Clause
usr.bin/vmstat/vmstat.c|BSD-3-Clause
usr.bin/m4/pathnames.h|BSD-3-Clause
usr.bin/m4/misc.c|BSD-3-Clause
usr.bin/m4/main.c|BSD-3-Clause
usr.bin/m4/extern.h|BSD-3-Clause
usr.bin/m4/mdef.h|BSD-3-Clause
usr.bin/m4/look.c|BSD-3-Clause
usr.bin/m4/gnum4.c|BSD-2-Clause
usr.bin/m4/eval.c|BSD-3-Clause
usr.bin/m4/trace.c|BSD-2-Clause
usr.bin/m4/stdd.h|BSD-3-Clause
usr.bin/hexdump/hexsyntax.c|BSD-3-Clause
usr.bin/hexdump/hexdump.c|BSD-3-Clause
usr.bin/hexdump/conv.c|BSD-3-Clause
usr.bin/hexdump/hexdump.h|BSD-3-Clause
usr.bin/hexdump/display.c|BSD-3-Clause
usr.bin/hexdump/odsyntax.c|BSD-3-Clause
usr.bin/hexdump/parse.c|BSD-3-Clause
usr.bin/dtc/dtc.cc|BSD-2-Clause
usr.bin/dtc/dtb.cc|BSD-2-Clause
usr.bin/dtc/fdt.cc|BSD-2-Clause
usr.bin/dtc/string.cc|BSD-2-Clause
usr.bin/dtc/input_buffer.cc|BSD-2-Clause
usr.bin/dtc/input_buffer.hh|BSD-2-Clause
usr.bin/dtc/dtb.hh|BSD-2-Clause
usr.bin/dtc/checking.hh|BSD-2-Clause
usr.bin/dtc/fdt.hh|BSD-2-Clause
usr.bin/dtc/util.hh|BSD-2-Clause
usr.bin/dtc/checking.cc|BSD-2-Clause
usr.bin/xinstall/xinstall.c|BSD-3-Clause
usr.bin/write/write.c|BSD-3-Clause
usr.bin/locate/locate/pathnames.h|BSD-3-Clause
usr.bin/locate/locate/fastfind.c|BSD-3-Clause
usr.bin/locate/locate/locate.h|BSD-3-Clause
usr.bin/locate/locate/locate.c|BSD-3-Clause
usr.bin/locate/locate/util.c|BSD-3-Clause
usr.bin/locate/bigram/locate.bigram.c|BSD-3-Clause
usr.bin/locate/code/locate.code.c|BSD-3-Clause
usr.bin/revoke/revoke.c|BSD-2-Clause
usr.bin/logins/logins.c|BSD-3-Clause
usr.bin/compress/compress.c|BSD-3-Clause
usr.bin/compress/zopen.h|BSD-2-Clause
usr.bin/compress/zopen.c|BSD-3-Clause
usr.bin/rwho/rwho.c|BSD-3-Clause
usr.bin/netstat/sctp.c|BSD-3-Clause
usr.bin/netstat/netisr.c|BSD-2-Clause
usr.bin/netstat/route.c|BSD-3-Clause
usr.bin/netstat/nhgrp.c|BSD-2-Clause
usr.bin/netstat/main.c|BSD-3-Clause
usr.bin/netstat/common.h|BSD-3-Clause
usr.bin/netstat/mroute6.c|BSD-3-Clause
usr.bin/netstat/mroute6.c|BSD-4-Clause
usr.bin/netstat/inet6.c|BSD-3-Clause
usr.bin/netstat/pfkey.c|BSD-3-Clause
usr.bin/netstat/ipsec.c|BSD-3-Clause
usr.bin/netstat/bpf.c|BSD-2-Clause
usr.bin/netstat/if.c|BSD-3-Clause
usr.bin/netstat/mbuf.c|BSD-4-Clause
usr.bin/netstat/netstat.h|BSD-3-Clause
usr.bin/netstat/common.c|BSD-3-Clause
usr.bin/netstat/nhops.c|BSD-3-Clause
usr.bin/netstat/mroute.c|BSD-4-Clause
usr.bin/netstat/route_netlink.c|BSD-3-Clause
usr.bin/netstat/unix.c|BSD-3-Clause
usr.bin/true/true.c|BSD-3-Clause
usr.bin/find/find.h|BSD-3-Clause
usr.bin/find/misc.c|BSD-3-Clause
usr.bin/find/main.c|BSD-3-Clause
usr.bin/find/extern.h|BSD-3-Clause
usr.bin/find/printf.c|BSD-2-Clause
usr.bin/find/operator.c|BSD-3-Clause
usr.bin/find/option.c|BSD-3-Clause
usr.bin/find/find.c|BSD-3-Clause
usr.bin/find/function.c|BSD-3-Clause
usr.bin/find/ls.c|BSD-3-Clause
usr.bin/apply/apply.c|BSD-3-Clause
usr.bin/finger/pathnames.h|BSD-2-Clause
usr.bin/finger/extern.h|BSD-3-Clause
usr.bin/finger/finger.h|BSD-3-Clause
usr.bin/finger/net.c|BSD-3-Clause
usr.bin/finger/lprint.c|BSD-3-Clause
usr.bin/finger/sprint.c|BSD-3-Clause
usr.bin/finger/util.c|BSD-3-Clause
usr.bin/finger/finger.c|BSD-3-Clause
usr.bin/rup/rup.c|BSD-4-Clause
usr.bin/stat/stat.c|BSD-2-Clause
usr.bin/unexpand/unexpand.c|BSD-3-Clause
usr.bin/yes/yes.c|BSD-3-Clause
usr.bin/iconv/iconv.c|BSD-2-Clause
usr.bin/gcore/elfcore.c|BSD-2-Clause
usr.bin/gcore/extern.h|BSD-3-Clause
usr.bin/gcore/gcore.c|BSD-3-Clause
usr.bin/cut/cut.c|BSD-3-Clause
usr.bin/logger/logger.c|BSD-3-Clause
usr.bin/gencat/gencat.c|BSD-2-Clause
usr.bin/gencat/gencat.c|ISC
usr.bin/ipcs/ipcs.c|BSD-3-Clause
usr.bin/ipcs/ipc.h|BSD-3-Clause
usr.bin/ipcs/ipc.c|BSD-3-Clause
usr.bin/c89/c89.c|BSD-2-Clause
usr.bin/gprof/pathnames.h|BSD-3-Clause
usr.bin/gprof/hertz.c|BSD-3-Clause
usr.bin/gprof/lookup.c|BSD-3-Clause
usr.bin/gprof/printgprof.c|BSD-3-Clause
usr.bin/gprof/gprof.c|BSD-3-Clause
usr.bin/gprof/arcs.c|BSD-3-Clause
usr.bin/gprof/gprof.h|BSD-3-Clause
usr.bin/gprof/dfn.c|BSD-3-Clause
usr.bin/gprof/printlist.c|BSD-3-Clause
usr.bin/gprof/elf.c|BSD-3-Clause
usr.bin/ypwhich/ypwhich.c|BSD-2-Clause
usr.bin/dirname/dirname.c|BSD-3-Clause
usr.bin/ctags/C.c|BSD-3-Clause
usr.bin/ctags/ctags.c|BSD-3-Clause
usr.bin/ctags/print.c|BSD-3-Clause
usr.bin/ctags/tree.c|BSD-3-Clause
usr.bin/ctags/ctags.h|BSD-3-Clause
usr.bin/ctags/yacc.c|BSD-3-Clause
usr.bin/ctags/fortran.c|BSD-3-Clause
usr.bin/ctags/lisp.c|BSD-3-Clause
usr.bin/uniq/uniq.c|BSD-3-Clause
usr.bin/whereis/pathnames.h|BSD-2-Clause
usr.bin/whereis/whereis.c|BSD-2-Clause
usr.bin/protect/protect.c|BSD-2-Clause
usr.bin/rs/rs.cc|BSD-3-Clause
usr.bin/sort/sort.c|BSD-2-Clause
usr.bin/sort/radixsort.h|BSD-2-Clause
usr.bin/sort/sort.h|BSD-2-Clause
usr.bin/sort/bwstring.h|BSD-2-Clause
usr.bin/sort/coll.c|BSD-2-Clause
usr.bin/sort/mem.c|BSD-2-Clause
usr.bin/sort/mem.h|BSD-2-Clause
usr.bin/sort/radixsort.c|BSD-2-Clause
usr.bin/sort/coll.h|BSD-2-Clause
usr.bin/sort/bwstring.c|BSD-2-Clause
usr.bin/sort/file.h|BSD-2-Clause
usr.bin/sort/vsort.h|BSD-2-Clause
usr.bin/sort/vsort.c|BSD-2-Clause
usr.bin/sort/file.c|BSD-2-Clause
usr.bin/mkesdb/ldef.h|BSD-2-Clause
usr.bin/bluetooth/bthost/bthost.c|BSD-2-Clause
usr.bin/bluetooth/btsockstat/btsockstat.c|BSD-2-Clause
usr.bin/bluetooth/rfcomm_sppd/rfcomm_sdp.c|BSD-2-Clause
usr.bin/bluetooth/rfcomm_sppd/rfcomm_sppd.c|BSD-2-Clause
usr.bin/fetch/fetch.c|BSD-3-Clause
usr.bin/ncal/ncal.c|BSD-2-Clause
usr.bin/printf/printf.c|BSD-3-Clause
usr.bin/usbhidctl/usbhid.c|BSD-2-Clause
usr.bin/iscsictl/iscsictl.h|BSD-2-Clause
usr.bin/iscsictl/iscsictl.c|BSD-2-Clause
usr.bin/iscsictl/periphs.c|BSD-3-Clause
usr.bin/expand/expand.c|BSD-3-Clause
usr.bin/nohup/nohup.c|BSD-3-Clause
usr.bin/ktrace/ktrace.h|BSD-3-Clause
usr.bin/ktrace/ktrace.c|BSD-3-Clause
usr.bin/ktrace/subr.c|BSD-3-Clause
usr.bin/env/envopts.h|BSD-2-Clause
usr.bin/env/envopts.c|BSD-2-Clause
usr.bin/env/env.c|BSD-3-Clause
usr.bin/mt/mt.c|BSD-3-Clause
usr.bin/stdbuf/stdbuf.c|BSD-2-Clause
usr.bin/mkstr/mkstr.c|BSD-3-Clause
usr.bin/tty/tty.c|BSD-3-Clause
usr.bin/asa/asa.c|BSD-4-Clause
usr.bin/uname/uname.c|BSD-4-Clause
usr.bin/procstat/procstat_args.c|BSD-2-Clause
usr.bin/procstat/procstat_pwdx.c|BSD-2-Clause
usr.bin/procstat/procstat_sigs.c|BSD-2-Clause
usr.bin/procstat/procstat_threads.c|BSD-2-Clause
usr.bin/procstat/procstat_files.c|BSD-2-Clause
usr.bin/procstat/procstat_penv.c|BSD-2-Clause
usr.bin/procstat/procstat_kstack.c|BSD-2-Clause
usr.bin/procstat/procstat_cred.c|BSD-2-Clause
usr.bin/procstat/procstat_basic.c|BSD-2-Clause
usr.bin/procstat/procstat.c|BSD-2-Clause
usr.bin/procstat/procstat_rlimitusage.c|BSD-2-Clause
usr.bin/procstat/procstat_vm.c|BSD-2-Clause
usr.bin/procstat/procstat_advlock.c|BSD-2-Clause
usr.bin/procstat/procstat_rlimit.c|BSD-2-Clause
usr.bin/procstat/procstat_kqueue.c|BSD-2-Clause
usr.bin/procstat/procstat_bin.c|BSD-2-Clause
usr.bin/procstat/procstat_auxv.c|BSD-2-Clause
usr.bin/procstat/procstat.h|BSD-2-Clause
usr.bin/truss/main.c|BSD-4-Clause
usr.bin/truss/truss.h|BSD-2-Clause
usr.bin/truss/extern.h|BSD-4-Clause
usr.bin/truss/setup.c|BSD-4-Clause
usr.bin/truss/syscall.h|BSD-4-Clause
usr.bin/truss/syscalls.c|BSD-4-Clause
usr.bin/ministat/ministat.c|Beerware
usr.bin/lock/lock.c|BSD-3-Clause
usr.bin/from/from.c|BSD-3-Clause
usr.bin/comm/comm.c|BSD-3-Clause
usr.bin/elfctl/elfctl.c|BSD-2-Clause
usr.bin/column/column.c|BSD-3-Clause
usr.bin/ldd/ldd.c|BSD-4-Clause
usr.bin/quota/quota.c|BSD-3-Clause
usr.bin/posixmqcontrol/posixmqcontrol.c|BSD-2-Clause
usr.bin/basename/basename.c|BSD-3-Clause
usr.bin/rctl/rctl.c|BSD-2-Clause
usr.bin/xargs/pathnames.h|BSD-3-Clause
usr.bin/xargs/xargs.c|BSD-3-Clause
usr.bin/du/du.c|BSD-3-Clause
usr.bin/false/false.c|BSD-3-Clause
usr.bin/leave/leave.c|BSD-3-Clause
usr.bin/systat/systat.h|BSD-3-Clause
usr.bin/systat/tcp.c|BSD-3-Clause
usr.bin/systat/icmp.c|BSD-3-Clause
usr.bin/systat/ip6.c|BSD-3-Clause
usr.bin/systat/main.c|BSD-3-Clause
usr.bin/systat/cmdtab.c|BSD-3-Clause
usr.bin/systat/extern.h|BSD-3-Clause
usr.bin/systat/iolat.c|BSD-2-Clause
usr.bin/systat/fetch.c|BSD-3-Clause
usr.bin/systat/netstat.c|BSD-3-Clause
usr.bin/systat/convtbl.h|BSD-3-Clause
usr.bin/systat/vmstat.c|BSD-3-Clause
usr.bin/systat/ifcmds.c|BSD-3-Clause
usr.bin/systat/sysput.c|BSD-2-Clause
usr.bin/systat/cmds.c|BSD-3-Clause
usr.bin/systat/zarc.c|BSD-2-Clause
usr.bin/systat/devs.c|BSD-3-Clause
usr.bin/systat/proc.c|BSD-2-Clause
usr.bin/systat/ip.c|BSD-3-Clause
usr.bin/systat/ifstat.c|BSD-3-Clause
usr.bin/systat/convtbl.c|BSD-3-Clause
usr.bin/systat/icmp6.c|BSD-3-Clause
usr.bin/systat/netcmds.c|BSD-3-Clause
usr.bin/systat/iostat.c|BSD-3-Clause
usr.bin/systat/pigs.c|BSD-3-Clause
usr.bin/systat/keyboard.c|BSD-3-Clause
usr.bin/systat/devs.h|BSD-2-Clause
usr.bin/systat/swap.c|BSD-3-Clause
usr.bin/brandelf/brandelf.c|BSD-3-Clause
usr.bin/ctlstat/ctlstat.c|BSD-2-Clause
usr.bin/fsync/fsync.c|BSD-2-Clause
usr.bin/grep/queue.c|BSD-2-Clause
usr.bin/grep/grep.c|BSD-2-Clause
usr.bin/grep/util.c|BSD-2-Clause
usr.bin/grep/grep.h|BSD-2-Clause
usr.bin/grep/file.c|BSD-2-Clause
usr.bin/nice/nice.c|BSD-3-Clause
usr.bin/truncate/truncate.c|BSD-2-Clause
usr.bin/tsort/tsort.c|BSD-3-Clause
usr.bin/colrm/colrm.c|BSD-3-Clause
usr.bin/cap_mkdb/cap_mkdb.c|BSD-3-Clause
usr.bin/pr/egetopt.c|BSD-4-Clause
usr.bin/pr/pr.h|BSD-4-Clause
usr.bin/pr/extern.h|BSD-4-Clause
usr.bin/pr/pr.c|BSD-4-Clause
usr.bin/indent/pr_comment.c|BSD-4-Clause
usr.bin/indent/indent.h|BSD-2-Clause
usr.bin/indent/indent_codes.h|BSD-4-Clause
usr.bin/indent/lexi.c|BSD-4-Clause
usr.bin/indent/args.c|BSD-4-Clause
usr.bin/indent/indent.c|BSD-4-Clause
usr.bin/indent/io.c|BSD-4-Clause
usr.bin/indent/indent_globs.h|BSD-4-Clause
usr.bin/indent/parse.c|BSD-4-Clause
usr.bin/showmount/showmount.c|BSD-3-Clause
usr.bin/banner/banner.c|BSD-3-Clause
usr.bin/killall/killall.c|BSD-2-Clause
usr.bin/jot/jot.c|BSD-3-Clause
usr.bin/tr/cset.h|BSD-2-Clause
usr.bin/tr/extern.h|BSD-3-Clause
usr.bin/tr/cmap.c|BSD-2-Clause
usr.bin/tr/cmap.h|BSD-2-Clause
usr.bin/tr/str.c|BSD-3-Clause
usr.bin/tr/tr.c|BSD-3-Clause
usr.bin/tr/cset.c|BSD-2-Clause
usr.bin/lam/lam.c|BSD-3-Clause
usr.bin/seq/seq.c|BSD-2-Clause
usr.bin/tip/libacu/ventel.c|BSD-3-Clause
usr.bin/tip/libacu/biz31.c|BSD-3-Clause
usr.bin/tip/libacu/hayes.c|BSD-3-Clause
usr.bin/tip/libacu/dn11.c|BSD-3-Clause
usr.bin/tip/libacu/v3451.c|BSD-3-Clause
usr.bin/tip/libacu/t3000.c|BSD-3-Clause
usr.bin/tip/libacu/df.c|BSD-3-Clause
usr.bin/tip/libacu/courier.c|BSD-3-Clause
usr.bin/tip/libacu/v831.c|BSD-3-Clause
usr.bin/tip/libacu/biz22.c|BSD-3-Clause
usr.bin/tip/tip/pathnames.h|BSD-3-Clause
usr.bin/tip/tip/partab.c|BSD-3-Clause
usr.bin/tip/tip/log.c|BSD-3-Clause
usr.bin/tip/tip/cmdtab.c|BSD-3-Clause
usr.bin/tip/tip/acu.c|BSD-3-Clause
usr.bin/tip/tip/vars.c|BSD-3-Clause
usr.bin/tip/tip/hunt.c|BSD-3-Clause
usr.bin/tip/tip/cmds.c|BSD-3-Clause
usr.bin/tip/tip/uucplock.c|BSD-3-Clause
usr.bin/tip/tip/cu.c|BSD-3-Clause
usr.bin/tip/tip/tip.h|BSD-3-Clause
usr.bin/tip/tip/acutab.c|BSD-3-Clause
usr.bin/tip/tip/tipout.c|BSD-3-Clause
usr.bin/tip/tip/value.c|BSD-3-Clause
usr.bin/tip/tip/remote.c|BSD-3-Clause
usr.bin/tip/tip/tip.c|BSD-3-Clause
usr.bin/elfdump/elfdump.c|BSD-2-Clause
usr.bin/login/pathnames.h|BSD-3-Clause
usr.bin/login/login.c|BSD-4-Clause
usr.bin/login/login.h|BSD-2-Clause
usr.bin/login/login_audit.c|BSD-3-Clause
usr.bin/sed/process.c|BSD-3-Clause
usr.bin/sed/misc.c|BSD-3-Clause
usr.bin/sed/main.c|BSD-3-Clause
usr.bin/sed/extern.h|BSD-3-Clause
usr.bin/sed/defs.h|BSD-3-Clause
usr.bin/sed/compile.c|BSD-3-Clause
usr.bin/newgrp/newgrp.c|BSD-2-Clause
usr.bin/rusers/rusers.c|BSD-4-Clause
usr.bin/touch/touch.c|BSD-3-Clause
usr.bin/ar/ar.c|BSD-3-Clause
usr.bin/ar/write.c|BSD-2-Clause
usr.bin/ar/ar.h|BSD-2-Clause
usr.bin/ar/read.c|BSD-2-Clause
usr.bin/ar/util.c|BSD-2-Clause
usr.bin/csplit/csplit.c|BSD-2-Clause
usr.bin/mkfifo/mkfifo.c|BSD-3-Clause
usr.bin/mdo/mdo.c|BSD-2-Clause
usr.bin/xstr/pathnames.h|BSD-3-Clause
usr.bin/xstr/xstr.c|BSD-3-Clause
usr.bin/ipcrm/ipcrm.c|BSD-4-Clause
usr.bin/units/units.c|BSD-2-Clause
usr.bin/lastcomm/pathnames.h|BSD-3-Clause
usr.bin/lastcomm/lastcomm.c|BSD-3-Clause
usr.bin/lastcomm/readrec.c|BSD-2-Clause
usr.bin/clang/llvm-cxxfilt/llvm-cxxfilt-driver.cpp|Apache-2.0 WITH LLVM-exception
usr.bin/clang/llvm-objcopy/llvm-objcopy-driver.cpp|Apache-2.0 WITH LLVM-exception
usr.bin/clang/clang-scan-deps/clang-scan-deps-driver.cpp|Apache-2.0 WITH LLVM-exception
usr.bin/clang/lld/lld-driver.cpp|Apache-2.0 WITH LLVM-exception
usr.bin/clang/llvm-ar/llvm-ar-driver.cpp|Apache-2.0 WITH LLVM-exception
usr.bin/clang/llvm-size/llvm-size-driver.cpp|Apache-2.0 WITH LLVM-exception
usr.bin/clang/llvm-symbolizer/llvm-symbolizer-driver.cpp|Apache-2.0 WITH LLVM-exception
usr.bin/clang/clang/clang-driver.cpp|Apache-2.0 WITH LLVM-exception
usr.bin/clang/llvm-nm/llvm-nm-driver.cpp|Apache-2.0 WITH LLVM-exception
usr.bin/clang/llvm-readobj/llvm-readobj-driver.cpp|Apache-2.0 WITH LLVM-exception
usr.bin/clang/llvm-profdata/llvm-profdata-driver.cpp|Apache-2.0 WITH LLVM-exception
usr.bin/clang/llvm-dwp/llvm-dwp-driver.cpp|Apache-2.0 WITH LLVM-exception
usr.bin/clang/llvm-objdump/llvm-objdump-driver.cpp|Apache-2.0 WITH LLVM-exception
usr.bin/w/proc_compare.c|BSD-3-Clause
usr.bin/w/extern.h|BSD-3-Clause
usr.bin/w/pr_time.c|BSD-3-Clause
usr.bin/w/w.c|BSD-3-Clause
usr.bin/renice/renice.c|BSD-3-Clause
usr.bin/split/split.c|BSD-3-Clause
usr.bin/join/join.c|BSD-3-Clause
usr.bin/which/which.c|BSD-3-Clause
usr.bin/bintrans/qp.c|BSD-2-Clause
usr.bin/bintrans/uudecode.c|BSD-3-Clause
usr.bin/bintrans/uuencode.c|BSD-3-Clause
usr.bin/bintrans/bintrans.c|BSD-2-Clause
usr.bin/locale/locale.c|BSD-2-Clause
usr.bin/getent/getent.c|BSD-2-Clause
usr.bin/biff/biff.c|BSD-3-Clause
usr.bin/bsdiff/bsdiff/bsdiff.c|BSD-2-Clause
usr.bin/bsdiff/bspatch/bspatch.c|BSD-2-Clause
usr.bin/localedef/bootstrap/lmonetary.h|BSD-2-Clause
usr.bin/localedef/bootstrap/xlocale.h|BSD-2-Clause
usr.bin/localedef/bootstrap/bootstrap_xlocale_private.h|BSD-2-Clause
usr.bin/localedef/bootstrap/collate.h|BSD-2-Clause
usr.bin/localedef/bootstrap/lnumeric.h|BSD-2-Clause
usr.bin/localedef/bootstrap/un-namespace.h|BSD-2-Clause
usr.bin/localedef/bootstrap/ctype.h|BSD-2-Clause
usr.bin/localedef/bootstrap/timelocal.h|BSD-2-Clause
usr.bin/localedef/bootstrap/lmessages.h|BSD-2-Clause
usr.bin/localedef/bootstrap/namespace.h|BSD-2-Clause
usr.bin/localedef/bootstrap/limits.h|BSD-2-Clause
usr.bin/localedef/bootstrap/_ctype.h|BSD-2-Clause
usr.bin/runat/runat.c|BSD-2-Clause
usr.bin/ktrdump/ktrdump.c|BSD-2-Clause
usr.bin/rev/rev.c|BSD-3-Clause
usr.bin/col/col.c|BSD-3-Clause
usr.bin/passwd/passwd.c|BSD-3-Clause
usr.bin/mail/pathnames.h|BSD-3-Clause
usr.bin/mail/cmd2.c|BSD-3-Clause
usr.bin/mail/tty.c|BSD-3-Clause
usr.bin/mail/main.c|BSD-3-Clause
usr.bin/mail/cmdtab.c|BSD-3-Clause
usr.bin/mail/extern.h|BSD-3-Clause
usr.bin/mail/vars.c|BSD-3-Clause
usr.bin/mail/list.c|BSD-3-Clause
usr.bin/mail/getname.c|BSD-3-Clause
usr.bin/mail/v7.local.c|BSD-3-Clause
usr.bin/mail/head.c|BSD-3-Clause
usr.bin/mail/fio.c|BSD-3-Clause
usr.bin/mail/lex.c|BSD-3-Clause
usr.bin/mail/version.c|BSD-3-Clause
usr.bin/mail/cmd3.c|BSD-3-Clause
usr.bin/mail/cmd1.c|BSD-3-Clause
usr.bin/mail/temp.c|BSD-3-Clause
usr.bin/mail/send.c|BSD-3-Clause
usr.bin/mail/quit.c|BSD-3-Clause
usr.bin/mail/names.c|BSD-3-Clause
usr.bin/mail/rcv.h|BSD-3-Clause
usr.bin/mail/tests/mailx_signal_test.c|BSD-2-Clause
usr.bin/mail/popen.c|BSD-3-Clause
usr.bin/mail/collect.c|BSD-3-Clause
usr.bin/mail/glob.h|BSD-3-Clause
usr.bin/mail/util.c|BSD-3-Clause
usr.bin/mail/def.h|BSD-3-Clause
usr.bin/mail/strings.c|BSD-3-Clause
usr.bin/mail/edit.c|BSD-3-Clause
usr.bin/script/script.c|BSD-3-Clause
usr.bin/diff/diffreg.c|BSD-4-Clause
usr.bin/vgrind/pathnames.h|BSD-3-Clause
usr.bin/vgrind/vfontedpr.c|BSD-3-Clause
usr.bin/vgrind/extern.h|BSD-3-Clause
usr.bin/vgrind/regexp.c|BSD-3-Clause
usr.bin/sdiotool/cam_sdio.h|BSD-2-Clause
usr.bin/sdiotool/linux_compat.h|BSD-2-Clause
usr.bin/sdiotool/linux_sdio_compat.h|BSD-2-Clause
usr.bin/sdiotool/brcmfmac_sdio.h|ISC
usr.bin/sdiotool/brcmfmac_bus.h|ISC
usr.bin/wc/wc.c|BSD-3-Clause
usr.bin/wall/wall.c|BSD-3-Clause
usr.bin/wall/ttymsg.c|BSD-3-Clause
usr.bin/tee/tee.c|BSD-3-Clause
usr.bin/look/pathnames.h|BSD-3-Clause
usr.bin/look/look.c|BSD-3-Clause
usr.bin/ypmatch/ypmatch.c|BSD-2-Clause
usr.bin/calendar/pathnames.h|BSD-3-Clause
usr.bin/calendar/calendar.c|BSD-3-Clause
usr.bin/calendar/locale.c|BSD-3-Clause
usr.bin/calendar/events.c|BSD-2-Clause
usr.bin/calendar/pom.c|BSD-3-Clause
usr.bin/calendar/paskha.c|BSD-2-Clause
usr.bin/calendar/ostern.c|BSD-2-Clause
usr.bin/calendar/dates.c|BSD-2-Clause
usr.bin/calendar/day.c|BSD-3-Clause
usr.bin/calendar/sunpos.c|BSD-2-Clause
usr.bin/calendar/parsedata.c|BSD-2-Clause
usr.bin/calendar/io.c|BSD-3-Clause
usr.bin/calendar/calendar.h|BSD-3-Clause
usr.bin/tabs/tabs.c|BSD-2-Clause
usr.bin/gzip/unzstd.c|BSD-2-Clause
usr.bin/gzip/unbzip2.c|BSD-2-Clause
usr.bin/gzip/zuncompress.c|BSD-3-Clause
usr.bin/gzip/unpack.c|BSD-2-Clause
usr.bin/gzip/gzip.c|BSD-2-Clause
usr.bin/gzip/unxz.c|BSD-2-Clause
usr.bin/c99/c99.c|BSD-2-Clause
usr.bin/usbhidaction/usbhidaction.c|BSD-2-Clause
usr.bin/logname/logname.c|BSD-3-Clause
usr.bin/mesg/mesg.c|BSD-3-Clause
usr.bin/what/what.c|BSD-3-Clause
usr.bin/talk/get_addrs.c|BSD-3-Clause
usr.bin/talk/ctl.c|BSD-3-Clause
usr.bin/talk/invite.c|BSD-3-Clause
usr.bin/talk/talk.h|BSD-3-Clause
usr.bin/talk/look_up.c|BSD-3-Clause
usr.bin/talk/init_disp.c|BSD-3-Clause
usr.bin/talk/ctl_transact.c|BSD-3-Clause
usr.bin/talk/display.c|BSD-3-Clause
usr.bin/talk/talk_ctl.h|BSD-3-Clause
usr.bin/talk/get_names.c|BSD-3-Clause
usr.bin/talk/talk.c|BSD-3-Clause
usr.bin/talk/io.c|BSD-3-Clause
usr.bin/talk/msgs.c|BSD-3-Clause
usr.bin/printenv/printenv.c|BSD-3-Clause
usr.bin/mkuzip/mkuzip.c|BSD-2-Clause
usr.bin/mkuzip/mkuz_zstd.c|BSD-2-Clause
usr.bin/mkuzip/mkuz_zstd.h|BSD-2-Clause
usr.bin/ypcat/ypcat.c|BSD-2-Clause
usr.bin/time/time.c|BSD-3-Clause
usr.bin/sockstat/main.c|BSD-2-Clause
usr.bin/sockstat/sockstat.h|BSD-2-Clause
usr.bin/sockstat/tests/sockstat_test.c|BSD-2-Clause
usr.bin/sockstat/sockstat.c|BSD-2-Clause
usr.bin/genl/genl.c|BSD-2-Clause
usr.bin/genl/parser_rpc.c|BSD-2-Clause
usr.bin/genl/genl.h|BSD-2-Clause
usr.bin/tail/misc.c|BSD-3-Clause
usr.bin/tail/extern.h|BSD-3-Clause
usr.bin/tail/forward.c|BSD-3-Clause
usr.bin/tail/tail.c|BSD-3-Clause
usr.bin/tail/read.c|BSD-3-Clause
usr.bin/tail/reverse.c|BSD-3-Clause
usr.bin/cmp/misc.c|BSD-3-Clause
usr.bin/cmp/extern.h|BSD-3-Clause
usr.bin/cmp/regular.c|BSD-3-Clause
usr.bin/cmp/special.c|BSD-3-Clause
usr.bin/cmp/link.c|BSD-2-Clause
usr.bin/cmp/cmp.c|BSD-3-Clause
usr.bin/su/su.c|BSD-3-Clause
usr.bin/kdump/kdump.c|BSD-3-Clause
usr.bin/kdump/kdump.h|BSD-3-Clause
usr.bin/kdump/linux.c|BSD-2-Clause
usr.bin/cksum/extern.h|BSD-3-Clause
usr.bin/cksum/sum2.c|BSD-3-Clause
usr.bin/cksum/crc.c|BSD-3-Clause
usr.bin/cksum/print.c|BSD-3-Clause
usr.bin/cksum/cksum.c|BSD-3-Clause
usr.bin/cksum/sum1.c|BSD-3-Clause
usr.bin/ul/ul.c|BSD-3-Clause
usr.bin/whois/whois.c|BSD-3-Clause
usr.bin/perror/perror.c|BSD-2-Clause
usr.bin/pathchk/pathchk.c|BSD-2-Clause
usr.bin/lockf/lockf.c|BSD-2-Clause
usr.bin/msgs/pathnames.h|BSD-3-Clause
usr.bin/msgs/msgs.c|BSD-3-Clause
usr.bin/head/head.c|BSD-3-Clause
usr.bin/tftp/tftp.c|BSD-3-Clause
usr.bin/tftp/main.c|BSD-3-Clause
usr.bin/tftp/tftp.h|BSD-3-Clause
usr.bin/fold/fold.c|BSD-3-Clause
usr.bin/mididump/mididump.c|BSD-2-Clause
usr.bin/mkcsmapper/ldef.h|BSD-2-Clause
usr.bin/chpass/field.c|BSD-4-Clause
usr.bin/chpass/table.c|BSD-3-Clause
usr.bin/chpass/chpass.h|BSD-4-Clause
usr.bin/chpass/util.c|BSD-4-Clause
usr.bin/chpass/chpass.c|BSD-4-Clause
usr.bin/chpass/edit.c|BSD-4-Clause
usr.bin/rwall/rwall.c|BSD-4-Clause
usr.bin/who/who.c|BSD-2-Clause
usr.bin/patch/mkpath.c|BSD-3-Clause
usr.bin/last/last.c|BSD-3-Clause
usr.bin/paste/paste.c|BSD-3-Clause
usr.bin/at/privs.h|BSD-2-Clause
usr.bin/at/panic.h|BSD-2-Clause
usr.bin/at/perm.h|BSD-2-Clause
usr.bin/at/at.h|BSD-2-Clause
usr.bin/at/perm.c|BSD-2-Clause
usr.bin/at/parsetime.h|BSD-2-Clause
usr.bin/at/panic.c|BSD-2-Clause
usr.bin/at/parsetime.c|BSD-2-Clause
usr.bin/at/at.c|BSD-2-Clause
usr.bin/tcopy/tcopy.cc|BSD-2-Clause
usr.sbin/uhsoctl/uhsoctl.c|BSD-2-Clause
usr.sbin/apmd/apmd.c|BSD-2-Clause
usr.sbin/apmd/apmd.h|BSD-2-Clause
usr.sbin/vidcontrol/decode.c|BSD-3-Clause
usr.sbin/vidcontrol/vidcontrol.c|BSD-3-Clause
usr.sbin/repquota/repquota.c|BSD-3-Clause
usr.sbin/config/config.h|BSD-3-Clause
usr.sbin/config/main.cc|BSD-3-Clause
usr.sbin/config/mkmakefile.cc|BSD-3-Clause
usr.sbin/config/mkheaders.c|BSD-3-Clause
usr.sbin/config/mkoptions.cc|BSD-3-Clause
usr.sbin/bsdinstall/runconsoles/common.h|BSD-2-Clause
usr.sbin/bsdinstall/runconsoles/common.c|BSD-2-Clause
usr.sbin/bsdinstall/runconsoles/child.h|BSD-2-Clause
usr.sbin/bsdinstall/runconsoles/runconsoles.c|BSD-2-Clause
usr.sbin/bsdinstall/runconsoles/child.c|BSD-2-Clause
usr.sbin/bsdinstall/distfetch/distfetch.c|BSD-2-Clause
usr.sbin/bsdinstall/partedit/partedit_powerpc.c|BSD-2-Clause
usr.sbin/bsdinstall/partedit/diskmenu.c|BSD-2-Clause
usr.sbin/bsdinstall/partedit/partedit_x86.c|BSD-2-Clause
usr.sbin/bsdinstall/partedit/partedit_generic.c|BSD-2-Clause
usr.sbin/bsdinstall/partedit/gpart_ops.c|BSD-2-Clause
usr.sbin/bsdinstall/partedit/part_wizard.c|BSD-2-Clause
usr.sbin/bsdinstall/partedit/diskmenu.h|BSD-2-Clause
usr.sbin/bsdinstall/partedit/partedit.c|BSD-2-Clause
usr.sbin/bsdinstall/partedit/partedit.h|BSD-2-Clause
usr.sbin/bsdinstall/partedit/scripted.c|BSD-2-Clause
usr.sbin/bsdinstall/distextract/distextract.c|BSD-2-Clause
usr.sbin/usbdump/usbdump.c|BSD-2-Clause
usr.sbin/efiwake/efiwake.c|BSD-2-Clause
usr.sbin/certctl/certctl.c|BSD-2-Clause
usr.sbin/nfsd/nfsd.c|BSD-3-Clause
usr.sbin/jail/command.c|BSD-2-Clause
usr.sbin/jail/jail.c|BSD-2-Clause
usr.sbin/jail/jailp.h|BSD-2-Clause
usr.sbin/jail/state.c|BSD-2-Clause
usr.sbin/jail/config.c|BSD-2-Clause
usr.sbin/powerd/powerd.c|BSD-2-Clause
usr.sbin/rpc.lockd/lock_proc.c|BSD-4-Clause
usr.sbin/rpc.lockd/lockd_lock.c|BSD-4-Clause
usr.sbin/rpc.lockd/lockd.h|BSD-4-Clause
usr.sbin/rpc.lockd/lockd.c|BSD-4-Clause
usr.sbin/rpc.lockd/kern.c|BSD-3-Clause
usr.sbin/rip6query/rip6query.c|BSD-3-Clause
usr.sbin/acpi/acpidb/acpidb.c|BSD-2-Clause
usr.sbin/acpi/acpidump/acpi_user.c|BSD-2-Clause
usr.sbin/acpi/acpidump/acpidump.h|BSD-2-Clause
usr.sbin/acpi/acpidump/acpi.c|BSD-2-Clause
usr.sbin/acpi/acpidump/acpidump.c|BSD-2-Clause
usr.sbin/acpi/acpiconf/acpiconf.c|BSD-2-Clause
usr.sbin/bhyvectl/amd64/bhyvectl_machdep.c|BSD-2-Clause
usr.sbin/bhyvectl/bhyvectl.c|BSD-2-Clause
usr.sbin/bhyvectl/bhyvectl.h|BSD-2-Clause
usr.sbin/bhyvectl/aarch64/bhyvectl_machdep.c|BSD-2-Clause
usr.sbin/bhyvectl/riscv/bhyvectl_machdep.c|BSD-2-Clause
usr.sbin/watchdogd/watchdogd.c|BSD-2-Clause
usr.sbin/usbconfig/usbconfig.c|BSD-2-Clause
usr.sbin/usbconfig/dump.h|BSD-2-Clause
usr.sbin/usbconfig/dump.c|BSD-2-Clause
usr.sbin/mtest/mtest.c|BSD-2-Clause
usr.sbin/spray/spray.c|BSD-4-Clause
usr.sbin/fdwrite/fdwrite.c|Beerware
usr.sbin/lpr/filters/lpf.c|BSD-3-Clause
usr.sbin/lpr/common_source/pathnames.h|BSD-3-Clause
usr.sbin/lpr/common_source/printcap.c|BSD-4-Clause
usr.sbin/lpr/common_source/displayq.c|BSD-3-Clause
usr.sbin/lpr/common_source/matchjobs.h|BSD-2-Clause
usr.sbin/lpr/common_source/net.c|BSD-4-Clause
usr.sbin/lpr/common_source/lp.cdefs.h|BSD-2-Clause
usr.sbin/lpr/common_source/ctlinfo.c|BSD-2-Clause
usr.sbin/lpr/common_source/common.c|BSD-4-Clause
usr.sbin/lpr/common_source/matchjobs.c|BSD-2-Clause
usr.sbin/lpr/common_source/rmjob.c|BSD-3-Clause
usr.sbin/lpr/common_source/lp.h|BSD-3-Clause
usr.sbin/lpr/common_source/ctlinfo.h|BSD-2-Clause
usr.sbin/lpr/common_source/startdaemon.c|BSD-3-Clause
usr.sbin/lpr/lpr/lpr.c|BSD-4-Clause
usr.sbin/lpr/lptest/lptest.c|BSD-3-Clause
usr.sbin/lpr/filters.ru/koi2855/koi2855.c|BSD-2-Clause
usr.sbin/lpr/filters.ru/koi2alt/koi2alt.c|BSD-2-Clause
usr.sbin/lpr/lprm/lprm.c|BSD-3-Clause
usr.sbin/lpr/chkprintcap/skimprintcap.c|BSD-2-Clause
usr.sbin/lpr/chkprintcap/skimprintcap.h|BSD-2-Clause
usr.sbin/lpr/lpq/lpq.c|BSD-3-Clause
usr.sbin/lpr/lpd/printjob.c|BSD-3-Clause
usr.sbin/lpr/lpd/lpd.c|BSD-3-Clause
usr.sbin/lpr/lpd/modes.c|BSD-3-Clause
usr.sbin/lpr/lpd/extern.h|BSD-3-Clause
usr.sbin/lpr/lpd/recvjob.c|BSD-3-Clause
usr.sbin/lpr/lpd/lpdchar.c|BSD-3-Clause
usr.sbin/lpr/pac/pac.c|BSD-3-Clause
usr.sbin/lpr/lpc/cmdtab.c|BSD-3-Clause
usr.sbin/lpr/lpc/extern.h|BSD-3-Clause
usr.sbin/lpr/lpc/movejobs.c|BSD-2-Clause
usr.sbin/lpr/lpc/lpc.c|BSD-3-Clause
usr.sbin/lpr/lpc/cmds.c|BSD-3-Clause
usr.sbin/lpr/lpc/lpc.h|BSD-3-Clause
usr.sbin/uathload/uathload.c|BSD-2-Clause
usr.sbin/ckdist/ckdist.c|BSD-2-Clause
usr.sbin/newsyslog/extern.h|BSD-2-Clause
usr.sbin/pkg/pkg.h|BSD-2-Clause
usr.sbin/pkg/config.h|BSD-2-Clause
usr.sbin/pkg/hash.c|BSD-2-Clause
usr.sbin/pkg/dns_utils.h|BSD-2-Clause
usr.sbin/pkg/hash.h|BSD-2-Clause
usr.sbin/pkg/rsa.c|BSD-2-Clause
usr.sbin/pkg/pkg.c|BSD-2-Clause
usr.sbin/pkg/dns_utils.c|BSD-2-Clause
usr.sbin/pkg/config.c|BSD-2-Clause
usr.sbin/rrenumd/rrenumd.h|BSD-4-Clause
usr.sbin/rrenumd/rrenumd.c|BSD-3-Clause
usr.sbin/rpc.statd/statd.c|BSD-4-Clause
usr.sbin/rpc.statd/statd.h|BSD-4-Clause
usr.sbin/rpc.statd/procs.c|BSD-4-Clause
usr.sbin/rpc.statd/file.c|BSD-4-Clause
usr.sbin/sa/pathnames.h|BSD-4-Clause
usr.sbin/sa/main.c|BSD-4-Clause
usr.sbin/sa/extern.h|BSD-4-Clause
usr.sbin/sa/db.c|BSD-2-Clause
usr.sbin/sa/pdb.c|BSD-4-Clause
usr.sbin/sa/usrdb.c|BSD-4-Clause
usr.sbin/fwcontrol/fwmpegts.c|BSD-4-Clause
usr.sbin/fwcontrol/fwcontrol.c|BSD-4-Clause
usr.sbin/fwcontrol/fwdv.c|BSD-4-Clause
usr.sbin/cpucontrol/intel.h|BSD-2-Clause
usr.sbin/cpucontrol/via.c|BSD-2-Clause
usr.sbin/cpucontrol/cpucontrol.c|BSD-2-Clause
usr.sbin/cpucontrol/via.h|BSD-2-Clause
usr.sbin/cpucontrol/cpucontrol.h|BSD-2-Clause
usr.sbin/cpucontrol/intel.c|BSD-2-Clause
usr.sbin/cpucontrol/amd.c|BSD-2-Clause
usr.sbin/cpucontrol/amd.h|BSD-2-Clause
usr.sbin/pnfsdsfile/pnfsdsfile.c|BSD-2-Clause
usr.sbin/pnfsdskill/pnfsdskill.c|BSD-2-Clause
usr.sbin/bluetooth/l2ping/l2ping.c|BSD-2-Clause
usr.sbin/bluetooth/bthidd/btuinput.h|BSD-2-Clause
usr.sbin/bluetooth/bthidd/kbd.c|BSD-2-Clause
usr.sbin/bluetooth/bthidd/bthidd.h|BSD-2-Clause
usr.sbin/bluetooth/bthidd/client.c|BSD-2-Clause
usr.sbin/bluetooth/bthidd/btuinput.c|BSD-2-Clause
usr.sbin/bluetooth/bthidd/bthidd.c|BSD-2-Clause
usr.sbin/bluetooth/bthidd/kbd.h|BSD-2-Clause
usr.sbin/bluetooth/bthidd/server.c|BSD-2-Clause
usr.sbin/bluetooth/bthidd/session.c|BSD-2-Clause
usr.sbin/bluetooth/bthidd/bthid_config.h|BSD-2-Clause
usr.sbin/bluetooth/bthidd/hid.c|BSD-2-Clause
usr.sbin/bluetooth/rfcomm_pppd/rfcomm_pppd.c|BSD-2-Clause
usr.sbin/bluetooth/iwmbtfw/iwmbt_fw.h|BSD-2-Clause
usr.sbin/bluetooth/iwmbtfw/main.c|BSD-2-Clause
usr.sbin/bluetooth/iwmbtfw/iwmbt_hw.c|BSD-2-Clause
usr.sbin/bluetooth/iwmbtfw/iwmbt_hw.h|BSD-2-Clause
usr.sbin/bluetooth/iwmbtfw/iwmbt_dbg.h|BSD-2-Clause
usr.sbin/bluetooth/iwmbtfw/iwmbt_fw.c|BSD-2-Clause
usr.sbin/bluetooth/bcmfw/bcmfw.c|BSD-2-Clause
usr.sbin/bluetooth/rtlbtfw/main.c|BSD-2-Clause
usr.sbin/bluetooth/rtlbtfw/rtlbt_hw.h|BSD-2-Clause
usr.sbin/bluetooth/rtlbtfw/rtlbt_fw.c|BSD-2-Clause
usr.sbin/bluetooth/rtlbtfw/rtlbt_fw.h|BSD-2-Clause
usr.sbin/bluetooth/rtlbtfw/rtlbt_dbg.h|BSD-2-Clause
usr.sbin/bluetooth/rtlbtfw/rtlbt_hw.c|BSD-2-Clause
usr.sbin/bluetooth/hcsecd/hcsecd.h|BSD-2-Clause
usr.sbin/bluetooth/hcsecd/hcsecd.c|BSD-2-Clause
usr.sbin/bluetooth/bthidcontrol/bthidcontrol.c|BSD-2-Clause
usr.sbin/bluetooth/bthidcontrol/sdp.c|BSD-2-Clause
usr.sbin/bluetooth/bthidcontrol/bthidcontrol.h|BSD-2-Clause
usr.sbin/bluetooth/bthidcontrol/hid.c|BSD-2-Clause
usr.sbin/bluetooth/l2control/l2control.h|BSD-2-Clause
usr.sbin/bluetooth/l2control/l2control.c|BSD-2-Clause
usr.sbin/bluetooth/l2control/l2cap.c|BSD-2-Clause
usr.sbin/bluetooth/btpand/tap.c|BSD-2-Clause
usr.sbin/bluetooth/btpand/channel.c|BSD-2-Clause
usr.sbin/bluetooth/btpand/client.c|BSD-2-Clause
usr.sbin/bluetooth/btpand/btpand.h|BSD-2-Clause
usr.sbin/bluetooth/btpand/event.h|BSD-2-Clause
usr.sbin/bluetooth/btpand/bnep.c|BSD-2-Clause
usr.sbin/bluetooth/btpand/sdp.h|BSD-2-Clause
usr.sbin/bluetooth/btpand/packet.c|BSD-2-Clause
usr.sbin/bluetooth/btpand/btpand.c|BSD-2-Clause
usr.sbin/bluetooth/btpand/sdp.c|BSD-2-Clause
usr.sbin/bluetooth/btpand/server.c|BSD-2-Clause
usr.sbin/bluetooth/btpand/bnep.h|BSD-2-Clause
usr.sbin/bluetooth/btpand/event.c|BSD-2-Clause
usr.sbin/bluetooth/sdpd/sp.c|BSD-2-Clause
usr.sbin/bluetooth/sdpd/uuid-private.h|BSD-2-Clause
usr.sbin/bluetooth/sdpd/nap.c|BSD-2-Clause
usr.sbin/bluetooth/sdpd/log.c|BSD-2-Clause
usr.sbin/bluetooth/sdpd/main.c|BSD-2-Clause
usr.sbin/bluetooth/sdpd/irmc.c|BSD-2-Clause
usr.sbin/bluetooth/sdpd/server.h|BSD-2-Clause
usr.sbin/bluetooth/sdpd/provider.h|BSD-2-Clause
usr.sbin/bluetooth/sdpd/sur.c|BSD-2-Clause
usr.sbin/bluetooth/sdpd/lan.c|BSD-2-Clause
usr.sbin/bluetooth/sdpd/panu.c|BSD-2-Clause
usr.sbin/bluetooth/sdpd/uuid.c|BSD-2-Clause
usr.sbin/bluetooth/sdpd/audio_sink.c|BSD-2-Clause
usr.sbin/bluetooth/sdpd/audio_source.c|BSD-2-Clause
usr.sbin/bluetooth/sdpd/provider.c|BSD-2-Clause
usr.sbin/bluetooth/sdpd/ftrn.c|BSD-2-Clause
usr.sbin/bluetooth/sdpd/opush.c|BSD-2-Clause
usr.sbin/bluetooth/sdpd/gn.c|BSD-2-Clause
usr.sbin/bluetooth/sdpd/bgd.c|BSD-2-Clause
usr.sbin/bluetooth/sdpd/srr.c|BSD-2-Clause
usr.sbin/bluetooth/sdpd/irmc_command.c|BSD-2-Clause
usr.sbin/bluetooth/sdpd/profile.h|BSD-2-Clause
usr.sbin/bluetooth/sdpd/sar.c|BSD-2-Clause
usr.sbin/bluetooth/sdpd/server.c|BSD-2-Clause
usr.sbin/bluetooth/sdpd/ssar.c|BSD-2-Clause
usr.sbin/bluetooth/sdpd/scr.c|BSD-2-Clause
usr.sbin/bluetooth/sdpd/ssr.c|BSD-2-Clause
usr.sbin/bluetooth/sdpd/sd.c|BSD-2-Clause
usr.sbin/bluetooth/sdpd/profile.c|BSD-2-Clause
usr.sbin/bluetooth/sdpd/log.h|BSD-2-Clause
usr.sbin/bluetooth/sdpd/dun.c|BSD-2-Clause
usr.sbin/bluetooth/hccontrol/hccontrol.h|BSD-2-Clause
usr.sbin/bluetooth/hccontrol/link_policy.c|BSD-2-Clause
usr.sbin/bluetooth/hccontrol/send_recv.c|BSD-2-Clause
usr.sbin/bluetooth/hccontrol/host_controller_baseband.c|BSD-2-Clause
usr.sbin/bluetooth/hccontrol/status.c|BSD-2-Clause
usr.sbin/bluetooth/hccontrol/hccontrol.c|BSD-2-Clause
usr.sbin/bluetooth/hccontrol/link_control.c|BSD-2-Clause
usr.sbin/bluetooth/hccontrol/adv_data.c|BSD-2-Clause
usr.sbin/bluetooth/hccontrol/info.c|BSD-2-Clause
usr.sbin/bluetooth/hccontrol/node.c|BSD-2-Clause
usr.sbin/bluetooth/hccontrol/util.c|BSD-2-Clause
usr.sbin/bluetooth/sdpcontrol/sdpcontrol.c|BSD-2-Clause
usr.sbin/bluetooth/sdpcontrol/sdpcontrol.h|BSD-2-Clause
usr.sbin/bluetooth/sdpcontrol/search.c|BSD-2-Clause
usr.sbin/pmcstat/pmcpl_annotate_cg.h|BSD-2-Clause
usr.sbin/pmcstat/pmcstat.c|BSD-2-Clause
usr.sbin/pmcstat/pmcpl_calltree.h|BSD-2-Clause
usr.sbin/pmcstat/pmcstat_log.h|BSD-2-Clause
usr.sbin/pmcstat/pmcpl_annotate.h|BSD-2-Clause
usr.sbin/pmcstat/pmcpl_callgraph.h|BSD-2-Clause
usr.sbin/pmcstat/pmcstat.h|BSD-2-Clause
usr.sbin/pmcstat/pmcpl_annotate_cg.c|BSD-2-Clause
usr.sbin/pmcstat/pmcpl_annotate.c|BSD-2-Clause
usr.sbin/pmcstat/pmcpl_gprof.c|BSD-2-Clause
usr.sbin/pmcstat/pmcstat_top.h|BSD-2-Clause
usr.sbin/pmcstat/pmcstat_log.c|BSD-2-Clause
usr.sbin/pmcstat/pmcpl_callgraph.c|BSD-2-Clause
usr.sbin/pmcstat/pmcpl_calltree.c|BSD-2-Clause
usr.sbin/pmcstat/pmcpl_gprof.h|BSD-2-Clause
usr.sbin/lastlogin/lastlogin.c|BSD-4-Clause
usr.sbin/tcpsso/tcpsso.c|BSD-2-Clause
usr.sbin/uefisign/uefisign.h|BSD-2-Clause
usr.sbin/uefisign/uefisign.c|BSD-2-Clause
usr.sbin/uefisign/pe.c|BSD-2-Clause
usr.sbin/uefisign/child.c|BSD-2-Clause
usr.sbin/uefisign/magic.h|BSD-2-Clause
usr.sbin/services_mkdb/services_mkdb.c|BSD-2-Clause
usr.sbin/services_mkdb/extern.h|BSD-2-Clause
usr.sbin/services_mkdb/uniq.c|BSD-2-Clause
usr.sbin/rtadvctl/rtadvctl.c|BSD-2-Clause
usr.sbin/lptcontrol/lptcontrol.c|BSD-4-Clause
usr.sbin/flowctl/flowctl.c|BSD-2-Clause
usr.sbin/mptutil/mpt_cam.c|BSD-3-Clause
usr.sbin/mptutil/mptutil.c|BSD-3-Clause
usr.sbin/mptutil/mpt_config.c|BSD-3-Clause
usr.sbin/mptutil/mpt_volume.c|BSD-3-Clause
usr.sbin/mptutil/mptutil.h|BSD-3-Clause
usr.sbin/mptutil/mpt_drive.c|BSD-3-Clause
usr.sbin/mptutil/mpt_show.c|BSD-3-Clause
usr.sbin/mptutil/mpt_evt.c|BSD-3-Clause
usr.sbin/mptutil/mpt_cmd.c|BSD-3-Clause
usr.sbin/autofs/log.c|BSD-2-Clause
usr.sbin/autofs/common.h|BSD-2-Clause
usr.sbin/autofs/automount.c|BSD-2-Clause
usr.sbin/autofs/defined.c|BSD-2-Clause
usr.sbin/autofs/automountd.c|BSD-2-Clause
usr.sbin/autofs/common.c|BSD-2-Clause
usr.sbin/autofs/autounmountd.c|BSD-2-Clause
usr.sbin/autofs/popen.c|BSD-3-Clause
usr.sbin/rpc.ypupdated/yp_dbupdate.c|BSD-4-Clause
usr.sbin/rpc.ypupdated/ypupdated_server.c|BSD-4-Clause
usr.sbin/rpc.ypupdated/ypupdated_main.c|BSD-4-Clause
usr.sbin/rpc.ypupdated/yp_dbdelete.c|BSD-4-Clause
usr.sbin/rpc.ypxfrd/ypxfrd_server.c|BSD-4-Clause
usr.sbin/rpc.ypxfrd/ypxfrd_main.c|BSD-4-Clause
usr.sbin/rpc.ypxfrd/ypxfrd_extern.h|BSD-4-Clause
usr.sbin/route6d/route6d.c|BSD-3-Clause
usr.sbin/route6d/route6d.h|BSD-3-Clause
usr.sbin/route6d/misc/cksum.c|BSD-3-Clause
usr.sbin/bhyve/pci_emul.h|BSD-2-Clause
usr.sbin/bhyve/pci_virtio_scsi.c|BSD-2-Clause
usr.sbin/bhyve/pci_e82545.c|BSD-2-Clause
usr.sbin/bhyve/rfb.c|BSD-2-Clause
usr.sbin/bhyve/basl.h|BSD-2-Clause
usr.sbin/bhyve/hdac_reg.h|BSD-2-Clause
usr.sbin/bhyve/config.h|BSD-2-Clause
usr.sbin/bhyve/vmexit.h|BSD-2-Clause
usr.sbin/bhyve/rtc_pl031.h|BSD-2-Clause
usr.sbin/bhyve/acpi.h|BSD-2-Clause
usr.sbin/bhyve/qemu_loader.c|BSD-2-Clause
usr.sbin/bhyve/usb_mouse.c|BSD-2-Clause
usr.sbin/bhyve/hda_codec.c|BSD-2-Clause
usr.sbin/bhyve/slirp/slirp-helper.c|BSD-2-Clause
usr.sbin/bhyve/slirp/libslirp.h|BSD-3-Clause
usr.sbin/bhyve/smbiostbl.h|BSD-2-Clause
usr.sbin/bhyve/pci_hda.h|BSD-2-Clause
usr.sbin/bhyve/qemu_fwcfg.h|BSD-2-Clause
usr.sbin/bhyve/mevent.c|BSD-2-Clause
usr.sbin/bhyve/debug.h|BSD-2-Clause
usr.sbin/bhyve/tpm_emul_passthru.c|BSD-2-Clause
usr.sbin/bhyve/tpm_device.h|BSD-2-Clause
usr.sbin/bhyve/mevent.h|BSD-2-Clause
usr.sbin/bhyve/usb_emul.c|BSD-2-Clause
usr.sbin/bhyve/net_backend_netmap.c|BSD-2-Clause
usr.sbin/bhyve/pci_ahci.c|BSD-2-Clause
usr.sbin/bhyve/audio.h|BSD-2-Clause
usr.sbin/bhyve/uart_backend.c|BSD-2-Clause
usr.sbin/bhyve/vmgenc.c|BSD-2-Clause
usr.sbin/bhyve/net_backend_slirp.c|BSD-2-Clause
usr.sbin/bhyve/uart_backend.h|BSD-2-Clause
usr.sbin/bhyve/pci_xhci.c|BSD-2-Clause
usr.sbin/bhyve/pctestdev.c|BSD-2-Clause
usr.sbin/bhyve/tpm_emul.h|BSD-2-Clause
usr.sbin/bhyve/iov.c|BSD-2-Clause
usr.sbin/bhyve/tpm_ppi.h|BSD-2-Clause-FreeBSD
usr.sbin/bhyve/rfb.h|BSD-2-Clause
usr.sbin/bhyve/pci_virtio_input.c|BSD-2-Clause
usr.sbin/bhyve/net_backends.h|BSD-2-Clause
usr.sbin/bhyve/bhyverun.h|BSD-2-Clause
usr.sbin/bhyve/amd64/pci_irq_machdep.h|BSD-2-Clause
usr.sbin/bhyve/amd64/e820.h|BSD-2-Clause
usr.sbin/bhyve/amd64/inout.c|BSD-2-Clause
usr.sbin/bhyve/amd64/ioapic.c|BSD-2-Clause
usr.sbin/bhyve/amd64/fwctl.h|BSD-2-Clause
usr.sbin/bhyve/amd64/atkbdc.c|BSD-2-Clause
usr.sbin/bhyve/amd64/pci_lpc.c|BSD-2-Clause
usr.sbin/bhyve/amd64/e820.c|BSD-2-Clause
usr.sbin/bhyve/amd64/pm.c|BSD-2-Clause
usr.sbin/bhyve/amd64/fwctl.c|BSD-2-Clause
usr.sbin/bhyve/amd64/vmexit.c|BSD-2-Clause
usr.sbin/bhyve/amd64/rtc.c|BSD-2-Clause
usr.sbin/bhyve/amd64/ps2kbd.h|BSD-2-Clause
usr.sbin/bhyve/amd64/pci_gvt-d.c|BSD-2-Clause
usr.sbin/bhyve/amd64/inout.h|BSD-2-Clause
usr.sbin/bhyve/amd64/spinup_ap.c|BSD-2-Clause
usr.sbin/bhyve/amd64/ps2mouse.c|BSD-2-Clause
usr.sbin/bhyve/amd64/bhyverun_machdep.c|BSD-2-Clause
usr.sbin/bhyve/amd64/ioapic.h|BSD-2-Clause
usr.sbin/bhyve/amd64/kernemu_dev.h|BSD-2-Clause
usr.sbin/bhyve/amd64/vga.c|BSD-2-Clause
usr.sbin/bhyve/amd64/ps2kbd.c|BSD-2-Clause
usr.sbin/bhyve/amd64/pci_irq.c|BSD-2-Clause
usr.sbin/bhyve/amd64/xmsr.c|BSD-2-Clause
usr.sbin/bhyve/amd64/spinup_ap.h|BSD-2-Clause
usr.sbin/bhyve/amd64/ps2mouse.h|BSD-2-Clause
usr.sbin/bhyve/amd64/mptbl.c|BSD-2-Clause
usr.sbin/bhyve/amd64/mptbl.h|BSD-2-Clause
usr.sbin/bhyve/amd64/xmsr.h|BSD-2-Clause
usr.sbin/bhyve/amd64/mem_x86.c|BSD-2-Clause
usr.sbin/bhyve/amd64/rtc.h|BSD-2-Clause
usr.sbin/bhyve/amd64/kernemu_dev.c|BSD-2-Clause
usr.sbin/bhyve/amd64/post.c|BSD-2-Clause
usr.sbin/bhyve/amd64/vga.h|BSD-2-Clause
usr.sbin/bhyve/amd64/task_switch.c|BSD-2-Clause
usr.sbin/bhyve/amd64/pci_gvt-d-opregion.h|BSD-2-Clause-Patent
usr.sbin/bhyve/amd64/pci_lpc.h|BSD-2-Clause
usr.sbin/bhyve/hda_reg.h|BSD-2-Clause
usr.sbin/bhyve/qemu_fwcfg.c|BSD-2-Clause
usr.sbin/bhyve/vmgenc.h|BSD-2-Clause
usr.sbin/bhyve/usb_emul.h|BSD-2-Clause
usr.sbin/bhyve/tpm_emul_swtpm.c|BSD-2-Clause
usr.sbin/bhyve/bhyvegc.h|BSD-2-Clause
usr.sbin/bhyve/pci_hostbridge.c|BSD-2-Clause
usr.sbin/bhyve/sockstream.h|BSD-2-Clause
usr.sbin/bhyve/uart_emul.h|BSD-2-Clause
usr.sbin/bhyve/console.c|BSD-2-Clause
usr.sbin/bhyve/pctestdev.h|BSD-2-Clause
usr.sbin/bhyve/pci_fbuf.c|BSD-2-Clause
usr.sbin/bhyve/tpm_intf_crb.c|BSD-2-Clause
usr.sbin/bhyve/mem.c|BSD-2-Clause
usr.sbin/bhyve/uart_pl011.c|BSD-2-Clause
usr.sbin/bhyve/mem.h|BSD-2-Clause
usr.sbin/bhyve/acpi_device.c|BSD-2-Clause
usr.sbin/bhyve/net_backends_priv.h|BSD-2-Clause
usr.sbin/bhyve/bootrom.h|BSD-2-Clause
usr.sbin/bhyve/console.h|BSD-2-Clause
usr.sbin/bhyve/acpi.c|BSD-2-Clause
usr.sbin/bhyve/smbiostbl.c|BSD-2-Clause
usr.sbin/bhyve/rtc_pl031.c|BSD-2-Clause
usr.sbin/bhyve/pci_xhci.h|BSD-2-Clause
usr.sbin/bhyve/gdb.h|BSD-2-Clause
usr.sbin/bhyve/net_utils.h|BSD-2-Clause
usr.sbin/bhyve/pci_nvme.c|BSD-2-Clause
usr.sbin/bhyve/pci_uart.c|BSD-2-Clause
usr.sbin/bhyve/block_if.c|BSD-2-Clause
usr.sbin/bhyve/audio.c|BSD-2-Clause
usr.sbin/bhyve/pci_passthru.h|BSD-2-Clause
usr.sbin/bhyve/gdb.c|BSD-2-Clause
usr.sbin/bhyve/iov.h|BSD-2-Clause
usr.sbin/bhyve/snapshot.h|BSD-2-Clause
usr.sbin/bhyve/pci_virtio_net.c|BSD-2-Clause
usr.sbin/bhyve/net_backends.c|BSD-2-Clause
usr.sbin/bhyve/bhyverun.c|BSD-2-Clause
usr.sbin/bhyve/ipc.h|BSD-2-Clause
usr.sbin/bhyve/pci_passthru.c|BSD-2-Clause
usr.sbin/bhyve/virtio.h|BSD-2-Clause
usr.sbin/bhyve/qemu_loader.h|BSD-2-Clause
usr.sbin/bhyve/mem_md.c|BSD-2-Clause
usr.sbin/bhyve/pci_irq.h|BSD-2-Clause
usr.sbin/bhyve/tpm_ppi_qemu.c|BSD-2-Clause-FreeBSD
usr.sbin/bhyve/mevent_test.c|BSD-2-Clause
usr.sbin/bhyve/net_backend_netgraph.c|BSD-2-Clause
usr.sbin/bhyve/block_if.h|BSD-2-Clause
usr.sbin/bhyve/pci_passthru_quirks.c|BSD-2-Clause
usr.sbin/bhyve/uart_emul.c|BSD-2-Clause
usr.sbin/bhyve/pci_emul.c|BSD-2-Clause
usr.sbin/bhyve/pci_hda.c|BSD-2-Clause
usr.sbin/bhyve/sockstream.c|BSD-2-Clause
usr.sbin/bhyve/tpm_intf.h|BSD-2-Clause
usr.sbin/bhyve/net_utils.c|BSD-2-Clause
usr.sbin/bhyve/aarch64/fdt.h|BSD-2-Clause
usr.sbin/bhyve/aarch64/pci_irq_machdep.h|BSD-2-Clause
usr.sbin/bhyve/aarch64/fdt.c|BSD-2-Clause
usr.sbin/bhyve/aarch64/vmexit.c|BSD-2-Clause
usr.sbin/bhyve/aarch64/bhyverun_machdep.c|BSD-2-Clause
usr.sbin/bhyve/aarch64/bhyve_machdep.h|BSD-2-Clause
usr.sbin/bhyve/aarch64/pci_irq.c|BSD-2-Clause
usr.sbin/bhyve/aarch64/mem_aarch64.c|BSD-2-Clause
usr.sbin/bhyve/bootrom.c|BSD-2-Clause
usr.sbin/bhyve/pci_virtio_console.c|BSD-2-Clause
usr.sbin/bhyve/riscv/fdt.h|BSD-2-Clause
usr.sbin/bhyve/riscv/pci_irq_machdep.h|BSD-2-Clause
usr.sbin/bhyve/riscv/fdt.c|BSD-2-Clause
usr.sbin/bhyve/riscv/vmexit.c|BSD-2-Clause
usr.sbin/bhyve/riscv/bhyverun_machdep.c|BSD-2-Clause
usr.sbin/bhyve/riscv/pci_irq.c|BSD-2-Clause
usr.sbin/bhyve/riscv/riscv.h|BSD-2-Clause
usr.sbin/bhyve/snapshot.c|BSD-2-Clause
usr.sbin/bhyve/pci_virtio_block.c|BSD-2-Clause
usr.sbin/bhyve/pci_virtio_rnd.c|BSD-2-Clause
usr.sbin/bhyve/ahci.h|BSD-2-Clause
usr.sbin/bhyve/config.c|BSD-2-Clause
usr.sbin/bhyve/virtio.c|BSD-2-Clause
usr.sbin/bhyve/acpi_device.h|BSD-2-Clause
usr.sbin/bhyve/tpm_device.c|BSD-2-Clause
usr.sbin/bhyve/basl.c|BSD-2-Clause
usr.sbin/bhyve/bhyvegc.c|BSD-2-Clause
usr.sbin/rpc.umntall/mounttab.c|BSD-2-Clause
usr.sbin/rpc.umntall/rpc.umntall.c|BSD-2-Clause
usr.sbin/rpc.umntall/mounttab.h|BSD-2-Clause
usr.sbin/smbmsg/pathnames.h|BSD-2-Clause
usr.sbin/smbmsg/smbmsg.c|BSD-2-Clause
usr.sbin/ip6addrctl/ip6addrctl.c|BSD-3-Clause
usr.sbin/bsnmpd/modules/snmp_hast/hast_snmp.c|BSD-2-Clause
usr.sbin/bsnmpd/modules/snmp_hostres/hostres_snmp.c|BSD-2-Clause
usr.sbin/bsnmpd/modules/snmp_hostres/hostres_snmp.c|Beerware
usr.sbin/bsnmpd/modules/snmp_bridge/bridge_if.c|BSD-2-Clause
usr.sbin/bsnmpd/modules/snmp_bridge/bridge_pf.c|BSD-2-Clause
usr.sbin/bsnmpd/modules/snmp_bridge/bridge_snmp.c|BSD-2-Clause
usr.sbin/bsnmpd/modules/snmp_bridge/bridge_snmp.h|BSD-2-Clause
usr.sbin/bsnmpd/modules/snmp_bridge/bridge_port.c|BSD-2-Clause
usr.sbin/bsnmpd/modules/snmp_bridge/bridge_addrs.c|BSD-2-Clause
usr.sbin/bsnmpd/modules/snmp_bridge/bridge_sys.c|BSD-2-Clause
usr.sbin/bsnmpd/modules/snmp_wlan/wlan_snmp.c|BSD-2-Clause
usr.sbin/bsnmpd/modules/snmp_wlan/wlan_sys.c|BSD-2-Clause
usr.sbin/bsnmpd/modules/snmp_wlan/wlan_snmp.h|BSD-2-Clause
usr.sbin/bsnmpd/modules/snmp_pf/pf_snmp.c|BSD-2-Clause
usr.sbin/pstat/pstat.c|BSD-3-Clause
usr.sbin/ugidfw/ugidfw.c|BSD-2-Clause
usr.sbin/quot/quot.c|BSD-4-Clause
usr.sbin/rpcbind/warmstart.c|BSD-3-Clause
usr.sbin/rpcbind/rpcb_stat.c|BSD-3-Clause
usr.sbin/rpcbind/rpcbind.c|BSD-3-Clause
usr.sbin/rpcbind/rpcb_svc_4.c|BSD-3-Clause
usr.sbin/rpcbind/check_bound.c|BSD-3-Clause
usr.sbin/rpcbind/rpcb_svc.c|BSD-3-Clause
usr.sbin/rpcbind/rpcbind.h|BSD-3-Clause
usr.sbin/rpcbind/pmap_svc.c|BSD-3-Clause
usr.sbin/rpcbind/util.c|BSD-2-Clause
usr.sbin/rpcbind/rpcb_svc_com.c|BSD-3-Clause
usr.sbin/snapinfo/snapinfo.c|BSD-2-Clause
usr.sbin/traceroute6/traceroute6.c|BSD-3-Clause
usr.sbin/fdcontrol/fdcontrol.c|BSD-2-Clause
usr.sbin/ctld/conf.cc|BSD-2-Clause
usr.sbin/ctld/discovery.cc|BSD-2-Clause
usr.sbin/ctld/login.cc|BSD-2-Clause
usr.sbin/ctld/isns.cc|BSD-2-Clause
usr.sbin/ctld/conf.h|BSD-2-Clause
usr.sbin/ctld/nvmf.cc|BSD-2-Clause
usr.sbin/ctld/iscsi.cc|BSD-2-Clause
usr.sbin/ctld/nvmf.hh|BSD-2-Clause
usr.sbin/ctld/ctld.cc|BSD-2-Clause
usr.sbin/ctld/nvmf_discovery.cc|BSD-2-Clause
usr.sbin/ctld/ctld.hh|BSD-2-Clause
usr.sbin/ctld/kernel.cc|BSD-2-Clause
usr.sbin/ctld/uclparse.cc|BSD-2-Clause
usr.sbin/ctld/iscsi.hh|BSD-2-Clause
usr.sbin/edquota/pathnames.h|BSD-3-Clause
usr.sbin/edquota/edquota.c|BSD-3-Clause
usr.sbin/setfib/setfib.c|BSD-3-Clause
usr.sbin/vipw/vipw.c|BSD-3-Clause
usr.sbin/gssd/gssd.c|BSD-2-Clause
usr.sbin/ndp/ndp.c|BSD-3-Clause
usr.sbin/pmcannotate/pmcannotate.c|BSD-2-Clause
usr.sbin/kbdmap/kbdmap.h|BSD-2-Clause
usr.sbin/kbdmap/kbdmap.c|BSD-2-Clause
usr.sbin/rtadvd/rtadvd.c|BSD-3-Clause
usr.sbin/rtadvd/config.h|BSD-3-Clause
usr.sbin/rtadvd/control_server.c|BSD-2-Clause
usr.sbin/rtadvd/advcap.c|BSD-3-Clause
usr.sbin/rtadvd/control_server.h|BSD-2-Clause
usr.sbin/rtadvd/timer_subr.h|BSD-3-Clause
usr.sbin/rtadvd/timer.c|BSD-3-Clause
usr.sbin/rtadvd/advcap.h|BSD-2-Clause
usr.sbin/rtadvd/control_client.h|BSD-2-Clause
usr.sbin/rtadvd/control_client.c|BSD-2-Clause
usr.sbin/rtadvd/if.c|BSD-3-Clause
usr.sbin/rtadvd/rrenum.c|BSD-3-Clause
usr.sbin/rtadvd/control.h|BSD-2-Clause
usr.sbin/rtadvd/rrenum.h|BSD-3-Clause
usr.sbin/rtadvd/rtadvd.h|BSD-3-Clause
usr.sbin/rtadvd/if.h|BSD-3-Clause
usr.sbin/rtadvd/control.c|BSD-2-Clause
usr.sbin/rtadvd/config.c|BSD-3-Clause
usr.sbin/rtadvd/timer_subr.c|BSD-3-Clause
usr.sbin/rtadvd/timer.h|BSD-3-Clause
usr.sbin/rtprio/rtprio.c|BSD-4-Clause
usr.sbin/btxld/elfh.h|BSD-2-Clause
usr.sbin/btxld/btx.h|BSD-2-Clause
usr.sbin/btxld/elfh.c|BSD-2-Clause
usr.sbin/btxld/btxld.c|BSD-2-Clause
usr.sbin/setpmac/setpmac.c|BSD-3-Clause
usr.sbin/cron/cron/popen.c|BSD-4.3TAHOE
usr.sbin/fdformat/fdformat.c|BSD-2-Clause
usr.sbin/iostat/iostat.c|BSD-3-Clause
usr.sbin/mpsutil/mps_set.c|BSD-2-Clause
usr.sbin/mpsutil/mps_slot.c|BSD-2-Clause
usr.sbin/moused/moused/moused.c|BSD-2-Clause
usr.sbin/moused/msconvd/msconvd.c|BSD-4-Clause
usr.sbin/chkgrp/chkgrp.c|BSD-3-Clause
usr.sbin/pw/psdate.h|BSD-2-Clause
usr.sbin/pw/pw_user.c|BSD-2-Clause
usr.sbin/pw/pw.h|BSD-2-Clause
usr.sbin/pw/pwupd.c|BSD-2-Clause
usr.sbin/pw/bitmap.c|BSD-2-Clause
usr.sbin/pw/pw_nis.c|BSD-2-Clause
usr.sbin/pw/pw_log.c|BSD-2-Clause
usr.sbin/pw/rm_r.c|BSD-2-Clause
usr.sbin/pw/pw_group.c|BSD-2-Clause
usr.sbin/pw/pw_conf.c|BSD-2-Clause
usr.sbin/pw/bitmap.h|BSD-2-Clause
usr.sbin/pw/pw.c|BSD-2-Clause
usr.sbin/pw/psdate.c|BSD-2-Clause
usr.sbin/pw/cpdir.c|BSD-2-Clause
usr.sbin/pw/pw_vpw.c|BSD-2-Clause
usr.sbin/pw/pwupd.h|BSD-2-Clause
usr.sbin/pw/grupd.c|BSD-2-Clause
usr.sbin/pciconf/pciconf.h|BSD-3-Clause
usr.sbin/pciconf/cap.c|BSD-3-Clause
usr.sbin/pciconf/err.c|BSD-2-Clause
usr.sbin/extattrctl/extattrctl.c|BSD-2-Clause
usr.sbin/trim/trim.c|BSD-2-Clause
usr.sbin/pmc/cmd_pmc_stat.c|BSD-2-Clause
usr.sbin/pmc/pmc_util.c|BSD-2-Clause
usr.sbin/pmc/pmc.c|BSD-2-Clause
usr.sbin/pmc/cmd_pmc.h|BSD-2-Clause
usr.sbin/pmc/cmd_pmc_filter.cc|BSD-2-Clause
usr.sbin/pmc/cmd_pmc_summary.cc|BSD-2-Clause
usr.sbin/pmc/cmd_pmc_list.c|BSD-2-Clause
usr.sbin/getfmac/getfmac.c|BSD-3-Clause
usr.sbin/ypset/ypset.c|BSD-2-Clause
usr.sbin/pwm/pwm.c|BSD-2-Clause
usr.sbin/diskinfo/diskinfo.c|BSD-3-Clause
usr.sbin/traceroute/findsaddr-udp.c|BSD-2-Clause
usr.sbin/jexec/jexec.c|BSD-2-Clause
usr.sbin/rpc.tlsservd/rpc.tlscommon.c|BSD-2-Clause
usr.sbin/rpc.tlsservd/rpc.tlsservd.c|BSD-2-Clause
usr.sbin/rpc.tlsservd/rpc.tlscommon.h|BSD-2-Clause
usr.sbin/gpioctl/gpioctl.c|BSD-2-Clause
usr.sbin/wake/wake.c|BSD-2-Clause
usr.sbin/chroot/chroot.c|BSD-3-Clause
usr.sbin/spi/spi.c|BSD-2-Clause
usr.sbin/i2c/i2c.c|BSD-2-Clause
usr.sbin/bhyveload/bhyveload.c|BSD-2-Clause
usr.sbin/rarpd/rarpd.c|BSD-1-Clause
usr.sbin/boot0cfg/boot0cfg.c|BSD-2-Clause
usr.sbin/yppush/yppush_main.c|BSD-4-Clause
usr.sbin/pppctl/pppctl.c|BSD-2-Clause
usr.sbin/ac/ac.c|BSD-2-Clause
usr.sbin/rtsold/cap_llflags.c|BSD-2-Clause
usr.sbin/rtsold/cap_script.c|BSD-2-Clause
usr.sbin/rtsold/rtsold.h|BSD-3-Clause
usr.sbin/rtsold/rtsock.c|BSD-3-Clause
usr.sbin/rtsold/rtsold.c|BSD-3-Clause
usr.sbin/rtsold/if.c|BSD-3-Clause
usr.sbin/rtsold/rtsol.c|BSD-3-Clause
usr.sbin/rtsold/dump.c|BSD-3-Clause
usr.sbin/rtsold/cap_sendmsg.c|BSD-3-Clause
usr.sbin/yp_mkdb/yp_mkdb.c|BSD-4-Clause
usr.sbin/memcontrol/memcontrol.c|BSD-2-Clause
usr.sbin/chown/chown.c|BSD-3-Clause
usr.sbin/yppoll/yppoll.c|BSD-3-Clause
usr.sbin/utx/utx.c|BSD-2-Clause
usr.sbin/jls/jls.c|BSD-2-Clause
usr.sbin/fdread/fdutil.c|BSD-2-Clause
usr.sbin/fdread/fdutil.h|BSD-2-Clause
usr.sbin/fdread/fdread.c|BSD-2-Clause
usr.sbin/makefs/mtree.c|BSD-2-Clause
usr.sbin/makefs/cd9660.h|BSD-2-Clause
usr.sbin/makefs/zfs.c|BSD-2-Clause
usr.sbin/makefs/ffs.h|BSD-4-Clause
usr.sbin/makefs/ffs/newfs_extern.h|BSD-2-Clause
usr.sbin/makefs/ffs/mkfs.c|BSD-3-Clause
usr.sbin/makefs/ffs/buf.c|BSD-4-Clause
usr.sbin/makefs/ffs/ffs_extern.h|BSD-3-Clause
usr.sbin/makefs/ffs/ffs_balloc.c|BSD-3-Clause
usr.sbin/makefs/ffs/ffs_bswap.c|BSD-2-Clause
usr.sbin/makefs/ffs/ufs_inode.h|BSD-3-Clause
usr.sbin/makefs/ffs/ffs_alloc.c|BSD-3-Clause
usr.sbin/makefs/ffs/ufs_bswap.h|BSD-2-Clause
usr.sbin/makefs/ffs/ffs_subr.c|BSD-3-Clause
usr.sbin/makefs/ffs/buf.h|BSD-4-Clause
usr.sbin/makefs/ffs/ufs_bmap.c|BSD-3-Clause
usr.sbin/makefs/ffs.c|BSD-4-Clause
usr.sbin/makefs/walk.c|BSD-4-Clause
usr.sbin/makefs/makefs.h|BSD-4-Clause
usr.sbin/makefs/makefs.c|BSD-4-Clause
usr.sbin/makefs/cd9660.c|BSD-2-Clause
usr.sbin/makefs/cd9660.c|BSD-4-Clause
usr.sbin/makefs/sys/buf.h|BSD-2-Clause
usr.sbin/makefs/cd9660/iso9660_rrip.c|BSD-2-Clause
usr.sbin/makefs/cd9660/cd9660_conversion.c|BSD-2-Clause
usr.sbin/makefs/cd9660/cd9660_strings.c|BSD-2-Clause
usr.sbin/makefs/cd9660/cd9660_eltorito.h|BSD-2-Clause
usr.sbin/makefs/cd9660/cd9660_debug.c|BSD-2-Clause
usr.sbin/makefs/cd9660/cd9660_eltorito.c|BSD-2-Clause
usr.sbin/makefs/cd9660/iso9660_rrip.h|BSD-2-Clause
usr.sbin/makefs/cd9660/cd9660_write.c|BSD-2-Clause
usr.sbin/makefs/zfs/vdev.c|BSD-2-Clause
usr.sbin/makefs/zfs/zap.c|BSD-2-Clause
usr.sbin/makefs/zfs/objset.c|BSD-2-Clause
usr.sbin/makefs/zfs/dsl.c|BSD-2-Clause
usr.sbin/makefs/zfs/fs.c|BSD-2-Clause
usr.sbin/makefs/zfs/zfs.h|BSD-2-Clause
usr.sbin/makefs/msdos/msdosfs_vnops.c|BSD-4-Clause
usr.sbin/makefs/msdos/direntry.h|BSD-4-Clause
usr.sbin/makefs/msdos/msdosfs_vfsops.c|BSD-4-Clause
usr.sbin/makefs/msdos/msdosfs_denode.c|BSD-4-Clause
usr.sbin/makefs/msdos/msdosfs_lookup.c|BSD-4-Clause
usr.sbin/makefs/msdos/msdosfs_fat.c|BSD-4-Clause
usr.sbin/makefs/msdos/denode.h|BSD-2-Clause
usr.sbin/makefs/msdos/msdosfs_conv.c|BSD-4-Clause
usr.sbin/fifolog/fifolog_create/fifolog_create.c|BSD-2-Clause
usr.sbin/fifolog/fifolog_reader/fifolog_reader.c|BSD-2-Clause
usr.sbin/fifolog/lib/libfifolog_int.h|BSD-2-Clause
usr.sbin/fifolog/lib/fifolog_create.c|BSD-2-Clause
usr.sbin/fifolog/lib/miniobj.h|BSD-2-Clause
usr.sbin/fifolog/lib/libfifolog.h|BSD-2-Clause
usr.sbin/fifolog/lib/fifolog.h|BSD-2-Clause
usr.sbin/fifolog/lib/fifolog_reader.c|BSD-2-Clause
usr.sbin/fifolog/lib/fifolog_int.c|BSD-2-Clause
usr.sbin/fifolog/lib/fifolog_write_poll.c|BSD-2-Clause
usr.sbin/fifolog/lib/fifolog_write.h|BSD-2-Clause
usr.sbin/fifolog/fifolog_writer/fifolog_writer.c|BSD-2-Clause
usr.sbin/sndctl/sndctl.c|BSD-2-Clause
usr.sbin/ypbind/ypbind.c|BSD-3-Clause
usr.sbin/ypbind/yp_ping.c|BSD-4-Clause
usr.sbin/dumpcis/main.c|BSD-2-Clause
usr.sbin/dumpcis/readcis.c|BSD-3-Clause
usr.sbin/dumpcis/readcis.h|BSD-3-Clause
usr.sbin/dumpcis/cis.h|BSD-3-Clause
usr.sbin/dumpcis/cardinfo.h|BSD-3-Clause
usr.sbin/dumpcis/printcis.c|BSD-3-Clause
usr.sbin/rwhod/rwhod.c|BSD-3-Clause
usr.sbin/quotaon/quotaon.c|BSD-3-Clause
usr.sbin/kbdcontrol/kbdcontrol.c|BSD-2-Clause
usr.sbin/kbdcontrol/lex.h|BSD-2-Clause
usr.sbin/clear_locks/clear_locks.c|BSD-2-Clause
usr.sbin/daemon/daemon.c|BSD-3-Clause
usr.sbin/mfiutil/mfi_foreign.c|BSD-2-Clause
usr.sbin/mfiutil/mfi_volume.c|BSD-3-Clause
usr.sbin/mfiutil/mfi_patrol.c|BSD-3-Clause
usr.sbin/mfiutil/mfi_cmd.c|BSD-3-Clause
usr.sbin/mfiutil/mfi_properties.c|BSD-2-Clause
usr.sbin/mfiutil/mfiutil.c|BSD-3-Clause
usr.sbin/mfiutil/mfi_flash.c|BSD-3-Clause
usr.sbin/mfiutil/mfi_drive.c|BSD-3-Clause
usr.sbin/mfiutil/mfi_config.c|BSD-3-Clause
usr.sbin/mfiutil/mfi_bbu.c|BSD-2-Clause
usr.sbin/mfiutil/mfiutil.h|BSD-3-Clause
usr.sbin/mfiutil/mfi_evt.c|BSD-3-Clause
usr.sbin/mfiutil/mfi_show.c|BSD-3-Clause
usr.sbin/cxgbetool/tcbshowt4.c|BSD-2-Clause
usr.sbin/cxgbetool/tcbshowt5.c|BSD-2-Clause
usr.sbin/cxgbetool/tcbinfot4.c|BSD-2-Clause
usr.sbin/cxgbetool/tcbshowt6.c|BSD-2-Clause
usr.sbin/cxgbetool/tcbinfot5.c|BSD-2-Clause
usr.sbin/cxgbetool/tcb_common.h|BSD-2-Clause
usr.sbin/cxgbetool/tcb_common.c|BSD-2-Clause
usr.sbin/cxgbetool/tcbinfot6.c|BSD-2-Clause
usr.sbin/kldxref/kldxref.c|BSD-4-Clause
usr.sbin/dconschat/dconschat.c|BSD-4-Clause
usr.sbin/fstyp/befs.c|BSD-2-Clause
usr.sbin/ifmcstat/printb.c|BSD-3-Clause
usr.sbin/ifmcstat/ifmcstat.c|BSD-3-Clause
usr.sbin/mptable/mptable.c|BSD-2-Clause
usr.sbin/setfmac/setfmac.c|BSD-2-Clause
usr.sbin/extattr/rmextattr.c|BSD-3-Clause
usr.sbin/syslogd/pathnames.h|BSD-3-Clause
usr.sbin/syslogd/syslogd_cap_config.c|BSD-2-Clause
usr.sbin/syslogd/syslogd_cap_log.c|BSD-2-Clause
usr.sbin/syslogd/syslogd_cap.h|BSD-2-Clause
usr.sbin/syslogd/syslogd_cap.c|BSD-2-Clause
usr.sbin/syslogd/syslogd.h|BSD-3-Clause
usr.sbin/syslogd/syslogd.h|BSD-2-Clause
usr.sbin/syslogd/syslogd.c|BSD-3-Clause
usr.sbin/syslogd/syslogd.c|BSD-2-Clause
usr.sbin/mlxcontrol/mlxcontrol.h|BSD-2-Clause
usr.sbin/mlxcontrol/command.c|BSD-2-Clause
usr.sbin/mlxcontrol/util.c|BSD-2-Clause
usr.sbin/mlxcontrol/config.c|BSD-2-Clause
usr.sbin/mlxcontrol/interface.c|BSD-2-Clause
usr.sbin/arp/arp.c|BSD-3-Clause
usr.sbin/ctladm/ctladm.c|BSD-2-Clause
usr.sbin/ctladm/ctladm.h|BSD-3-Clause
usr.sbin/ctladm/util.c|BSD-3-Clause
usr.sbin/wlandebug/wlandebug.c|BSD-2-Clause
usr.sbin/rpc.tlsclntd/rpc.tlsclntd.c|BSD-2-Clause
usr.sbin/rmt/rmt.c|BSD-3-Clause
usr.sbin/getpmac/getpmac.c|BSD-3-Clause
usr.sbin/inetd/pathnames.h|BSD-3-Clause
usr.sbin/inetd/builtins.c|BSD-2-Clause
usr.sbin/inetd/inetd.c|BSD-3-Clause
usr.sbin/inetd/inetd.h|BSD-3-Clause
usr.sbin/gstat/gstat.c|BSD-3-Clause
usr.sbin/ppp/pred.h|BSD-2-Clause
usr.sbin/ppp/layer.h|BSD-2-Clause
usr.sbin/ppp/ccp.h|BSD-2-Clause
usr.sbin/ppp/tun.h|BSD-2-Clause
usr.sbin/ppp/fsm.c|BSD-2-Clause
usr.sbin/ppp/ncp.h|BSD-2-Clause
usr.sbin/ppp/tcp.c|BSD-2-Clause
usr.sbin/ppp/route.c|BSD-2-Clause
usr.sbin/ppp/chap_ms.h|BSD-2-Clause
usr.sbin/ppp/radius.h|BSD-2-Clause
usr.sbin/ppp/command.c|BSD-2-Clause
usr.sbin/ppp/lqr.c|BSD-2-Clause
usr.sbin/ppp/deflate.c|BSD-2-Clause
usr.sbin/ppp/sync.h|BSD-2-Clause
usr.sbin/ppp/log.c|BSD-2-Clause
usr.sbin/ppp/tty.c|BSD-2-Clause
usr.sbin/ppp/pap.c|BSD-2-Clause
usr.sbin/ppp/main.c|BSD-2-Clause
usr.sbin/ppp/tun.c|BSD-2-Clause
usr.sbin/ppp/fsm.h|BSD-2-Clause
usr.sbin/ppp/nat_cmd.h|BSD-2-Clause
usr.sbin/ppp/proto.h|BSD-2-Clause
usr.sbin/ppp/throughput.h|BSD-2-Clause
usr.sbin/ppp/mbuf.h|BSD-2-Clause
usr.sbin/ppp/server.h|BSD-2-Clause
usr.sbin/ppp/exec.h|BSD-2-Clause
usr.sbin/ppp/nat_cmd.c|BSD-2-Clause
usr.sbin/ppp/defs.c|BSD-2-Clause
usr.sbin/ppp/pred.c|BSD-2-Clause
usr.sbin/ppp/lcp.c|BSD-2-Clause
usr.sbin/ppp/prompt.c|BSD-2-Clause
usr.sbin/ppp/auth.h|BSD-2-Clause
usr.sbin/ppp/ccp.c|BSD-2-Clause
usr.sbin/ppp/async.c|BSD-2-Clause
usr.sbin/ppp/lqr.h|BSD-2-Clause
usr.sbin/ppp/iplist.h|BSD-2-Clause
usr.sbin/ppp/vjcomp.h|BSD-2-Clause
usr.sbin/ppp/timer.c|BSD-2-Clause
usr.sbin/ppp/async.h|BSD-2-Clause
usr.sbin/ppp/chap_ms.c|BSD-2-Clause
usr.sbin/ppp/sig.c|BSD-2-Clause
usr.sbin/ppp/mppe.c|BSD-2-Clause
usr.sbin/ppp/arp.h|BSD-2-Clause
usr.sbin/ppp/ua.h|BSD-2-Clause
usr.sbin/ppp/ncpaddr.h|BSD-2-Clause
usr.sbin/ppp/hdlc.c|BSD-2-Clause
usr.sbin/ppp/iface.c|BSD-2-Clause
usr.sbin/ppp/ipv6cp.h|BSD-2-Clause
usr.sbin/ppp/exec.c|BSD-2-Clause
usr.sbin/ppp/filter.h|BSD-2-Clause
usr.sbin/ppp/arp.c|BSD-4.3TAHOE
usr.sbin/ppp/proto.c|BSD-2-Clause
usr.sbin/ppp/mp.h|BSD-2-Clause
usr.sbin/ppp/auth.c|BSD-2-Clause
usr.sbin/ppp/hdlc.h|BSD-2-Clause
usr.sbin/ppp/probe.h|BSD-2-Clause
usr.sbin/ppp/sync.c|BSD-2-Clause
usr.sbin/ppp/defs.h|BSD-2-Clause
usr.sbin/ppp/mbuf.c|BSD-2-Clause
usr.sbin/ppp/chat.c|BSD-2-Clause
usr.sbin/ppp/tcp.h|BSD-2-Clause
usr.sbin/ppp/acf.h|BSD-2-Clause
usr.sbin/ppp/iface.h|BSD-2-Clause
usr.sbin/ppp/ipv6cp.c|BSD-2-Clause
usr.sbin/ppp/netgraph.h|BSD-2-Clause
usr.sbin/ppp/ether.c|BSD-2-Clause
usr.sbin/ppp/vjcomp.c|BSD-2-Clause
usr.sbin/ppp/acf.c|BSD-2-Clause
usr.sbin/ppp/tcpmss.h|BSD-2-Clause
usr.sbin/ppp/slcompress.c|BSD-3-Clause
usr.sbin/ppp/ip.c|BSD-2-Clause
usr.sbin/ppp/tcpmss.c|BSD-2-Clause
usr.sbin/ppp/id.c|BSD-2-Clause
usr.sbin/ppp/ether.h|BSD-2-Clause
usr.sbin/ppp/mp.c|BSD-2-Clause
usr.sbin/ppp/netgraph.c|BSD-2-Clause
usr.sbin/ppp/iplist.c|BSD-2-Clause
usr.sbin/ppp/cbcp.h|BSD-2-Clause
usr.sbin/ppp/descriptor.h|BSD-2-Clause
usr.sbin/ppp/link.h|BSD-2-Clause
usr.sbin/ppp/udp.h|BSD-2-Clause
usr.sbin/ppp/bundle.h|BSD-2-Clause
usr.sbin/ppp/server.c|BSD-2-Clause
usr.sbin/ppp/filter.c|BSD-2-Clause
usr.sbin/ppp/datalink.h|BSD-2-Clause
usr.sbin/ppp/link.c|BSD-2-Clause
usr.sbin/ppp/id.h|BSD-2-Clause
usr.sbin/ppp/mppe.h|BSD-2-Clause
usr.sbin/ppp/ncp.c|BSD-2-Clause
usr.sbin/ppp/bundle.c|BSD-2-Clause
usr.sbin/ppp/probe.c|BSD-2-Clause
usr.sbin/ppp/ipcp.c|BSD-2-Clause
usr.sbin/ppp/pap.h|BSD-2-Clause
usr.sbin/ppp/command.h|BSD-2-Clause
usr.sbin/ppp/lcp.h|BSD-2-Clause
usr.sbin/ppp/route.h|BSD-2-Clause
usr.sbin/ppp/i4b.h|BSD-2-Clause
usr.sbin/ppp/sig.h|BSD-2-Clause
usr.sbin/ppp/deflate.h|BSD-2-Clause
usr.sbin/ppp/udp.c|BSD-2-Clause
usr.sbin/ppp/chap.h|BSD-2-Clause
usr.sbin/ppp/ip.h|BSD-2-Clause
usr.sbin/ppp/main.h|BSD-2-Clause
usr.sbin/ppp/cbcp.c|BSD-2-Clause
usr.sbin/ppp/log.h|BSD-2-Clause
usr.sbin/ppp/ncpaddr.c|BSD-2-Clause
usr.sbin/ppp/throughput.c|BSD-2-Clause
usr.sbin/ppp/chat.h|BSD-2-Clause
usr.sbin/ppp/ipcp.h|BSD-2-Clause
usr.sbin/ppp/chap.c|BSD-2-Clause
usr.sbin/ppp/prompt.h|BSD-2-Clause
usr.sbin/ppp/datalink.c|BSD-2-Clause
usr.sbin/ppp/systems.h|BSD-2-Clause
usr.sbin/ppp/systems.c|BSD-2-Clause
usr.sbin/ppp/timer.h|BSD-2-Clause
usr.sbin/ppp/tty.h|BSD-2-Clause
usr.sbin/ppp/slcompress.h|BSD-3-Clause
usr.sbin/ppp/radius.c|BSD-2-Clause
usr.sbin/rpc.yppasswdd/yppasswdd_main.c|BSD-4-Clause
usr.sbin/rpc.yppasswdd/yppasswdd_extern.h|BSD-4-Clause
usr.sbin/rpc.yppasswdd/yppasswdd_server.c|BSD-4-Clause
usr.sbin/pnfsdscopymr/pnfsdscopymr.c|BSD-2-Clause
usr.sbin/pwd_mkdb/bootstrap/pwd.h|BSD-2-Clause
usr.sbin/pwd_mkdb/pwd_mkdb.c|BSD-3-Clause
usr.sbin/mountd/pathnames.h|BSD-3-Clause
usr.sbin/mountd/mountd.c|BSD-3-Clause
usr.sbin/mld6query/mld6.c|BSD-3-Clause
usr.sbin/boottrace/boottrace.c|BSD-2-Clause
usr.sbin/devinfo/devinfo.c|BSD-2-Clause
usr.sbin/accton/accton.c|BSD-3-Clause
usr.sbin/mailwrapper/pathnames.h|BSD-4-Clause
usr.sbin/mailwrapper/mailwrapper.c|BSD-4-Clause
usr.sbin/iscsid/discovery.c|BSD-2-Clause
usr.sbin/iscsid/login.c|BSD-2-Clause
usr.sbin/iscsid/iscsid.c|BSD-2-Clause
usr.sbin/iscsid/iscsid.h|BSD-2-Clause
usr.sbin/crunch/crunchgen/crunched_main.c|BSD-2-Clause
usr.sbin/crunch/crunchide/extern.h|BSD-4-Clause
usr.sbin/crunch/crunchide/exec_elf64.c|BSD-4-Clause
usr.sbin/crunch/crunchide/exec_elf32.c|BSD-4-Clause
usr.sbin/pmccontrol/pmccontrol.c|BSD-2-Clause
usr.sbin/ypserv/yp_access.c|BSD-4-Clause
usr.sbin/ypserv/yp_dblookup.c|BSD-4-Clause
usr.sbin/ypserv/yp_svc_udp.c|BSD-4-Clause
usr.sbin/ypserv/yp_extern.h|BSD-4-Clause
usr.sbin/ypserv/yp_dnslookup.c|BSD-4-Clause
usr.sbin/ypserv/yp_error.c|BSD-4-Clause
usr.sbin/ypserv/yp_main.c|BSD-4-Clause
usr.sbin/ypserv/yp_server.c|BSD-4-Clause
